course_id,user_id,is_instructor,is_ta,course_grade,is_enrolled
1,1,TRUE,FALSE,100,TRUE
2,2,TRUE,FALSE,100,TRUE
3,3,TRUE,FALSE,100,TRUE
7,4,TRUE,FALSE,100,TRUE
8,5,TRUE,FALSE,100,TRUE
9,6,TRUE,FALSE,100,TRUE
13,7,TRUE,FALSE,100,TRUE
14,8,TRUE,FALSE,100,TRUE
15,9,TRUE,FALSE,100,TRUE
19,10,TRUE,FALSE,100,TRUE
20,11,TRUE,FALSE,100,TRUE
21,12,TRUE,FALSE,100,TRUE
25,13,TRUE,FALSE,100,TRUE
26,14,TRUE,FALSE,100,TRUE
27,15,TRUE,FALSE,100,TRUE
31,16,TRUE,FALSE,100,TRUE
32,17,TRUE,FALSE,100,TRUE
33,18,TRUE,FALSE,100,TRUE
1,19,FALSE,TRUE,100,TRUE
2,20,FALSE,TRUE,100,TRUE
3,21,FALSE,TRUE,100,TRUE
7,22,FALSE,TRUE,100,TRUE
8,23,FALSE,TRUE,100,TRUE
9,24,FALSE,TRUE,100,TRUE
13,25,FALSE,TRUE,100,TRUE
14,26,FALSE,TRUE,100,TRUE
15,27,FALSE,TRUE,100,TRUE
19,28,FALSE,TRUE,100,TRUE
20,29,FALSE,TRUE,100,TRUE
21,30,FALSE,TRUE,100,TRUE
25,31,FALSE,TRUE,100,TRUE
26,32,FALSE,TRUE,100,TRUE
27,33,FALSE,TRUE,100,TRUE
31,34,FALSE,TRUE,100,TRUE
32,35,FALSE,TRUE,100,TRUE
33,36,FALSE,TRUE,100,TRUE
1,37,FALSE,FALSE,100,TRUE
2,38,FALSE,FALSE,100,TRUE
3,39,FALSE,FALSE,100,TRUE
7,40,FALSE,FALSE,100,TRUE
8,41,FALSE,FALSE,100,TRUE
9,42,FALSE,FALSE,100,TRUE
13,43,FALSE,FALSE,100,TRUE
14,44,FALSE,FALSE,100,TRUE
15,45,FALSE,FALSE,100,TRUE
19,46,FALSE,FALSE,100,TRUE
20,47,FALSE,FALSE,100,TRUE
21,48,FALSE,FALSE,100,TRUE
25,49,FALSE,FALSE,100,TRUE
26,50,FALSE,FALSE,100,TRUE
27,51,FALSE,FALSE,100,TRUE
31,52,FALSE,FALSE,100,TRUE
32,53,FALSE,FALSE,100,TRUE
33,54,FALSE,FALSE,100,TRUE
1,55,FALSE,FALSE,100,TRUE
2,56,FALSE,FALSE,100,TRUE
3,57,FALSE,FALSE,100,TRUE
7,58,FALSE,FALSE,100,TRUE
8,59,FALSE,FALSE,100,TRUE
9,60,FALSE,FALSE,100,TRUE
13,61,FALSE,FALSE,100,TRUE
14,62,FALSE,FALSE,100,TRUE
15,63,FALSE,FALSE,100,TRUE
19,64,FALSE,FALSE,100,TRUE
20,65,FALSE,FALSE,100,TRUE
21,66,FALSE,FALSE,100,TRUE
25,67,FALSE,FALSE,100,TRUE
26,68,FALSE,FALSE,100,TRUE
27,69,FALSE,FALSE,100,TRUE
31,70,FALSE,FALSE,100,TRUE
32,71,FALSE,FALSE,100,TRUE
33,72,FALSE,FALSE,100,TRUE
1,73,FALSE,FALSE,100,TRUE
2,74,FALSE,FALSE,100,TRUE
3,75,FALSE,FALSE,100,TRUE
7,76,FALSE,FALSE,100,TRUE
8,77,FALSE,FALSE,100,TRUE
9,78,FALSE,FALSE,100,TRUE
13,79,FALSE,FALSE,100,TRUE
14,80,FALSE,FALSE,100,TRUE
15,81,FALSE,FALSE,100,TRUE
19,82,FALSE,FALSE,100,TRUE
20,83,FALSE,FALSE,100,TRUE
21,84,FALSE,FALSE,100,TRUE
25,85,FALSE,FALSE,100,TRUE
26,86,FALSE,FALSE,100,TRUE
27,87,FALSE,FALSE,100,TRUE
31,88,FALSE,FALSE,100,TRUE
32,89,FALSE,FALSE,100,TRUE
33,90,FALSE,FALSE,100,TRUE
1,91,FALSE,FALSE,100,TRUE
2,92,FALSE,FALSE,100,TRUE
3,93,FALSE,FALSE,100,TRUE
7,94,FALSE,FALSE,100,TRUE
8,95,FALSE,FALSE,100,TRUE
9,96,FALSE,FALSE,100,TRUE
13,97,FALSE,FALSE,100,TRUE
14,98,FALSE,FALSE,100,TRUE
15,99,FALSE,FALSE,100,TRUE
19,100,FALSE,FALSE,100,TRUE
20,101,FALSE,FALSE,100,TRUE
21,102,FALSE,FALSE,100,TRUE
25,103,FALSE,FALSE,100,TRUE
26,104,FALSE,FALSE,100,TRUE
27,105,FALSE,FALSE,100,TRUE
31,106,FALSE,FALSE,100,TRUE
32,107,FALSE,FALSE,100,TRUE
33,108,FALSE,FALSE,100,TRUE
1,109,FALSE,FALSE,100,TRUE
2,110,FALSE,FALSE,100,TRUE
3,111,FALSE,FALSE,100,TRUE
7,112,FALSE,FALSE,100,TRUE
8,113,FALSE,FALSE,100,TRUE
9,114,FALSE,FALSE,100,TRUE
13,115,FALSE,FALSE,100,TRUE
14,116,FALSE,FALSE,100,TRUE
15,117,FALSE,FALSE,100,TRUE
19,118,FALSE,FALSE,100,TRUE
20,119,FALSE,FALSE,100,TRUE
21,120,FALSE,FALSE,100,TRUE
25,121,FALSE,FALSE,100,TRUE
26,122,FALSE,FALSE,100,TRUE
27,123,FALSE,FALSE,100,TRUE
31,124,FALSE,FALSE,100,TRUE
32,125,FALSE,FALSE,100,TRUE
33,126,FALSE,FALSE,100,TRUE
1,127,FALSE,FALSE,100,TRUE
2,128,FALSE,FALSE,100,TRUE
3,129,FALSE,FALSE,100,TRUE
7,130,FALSE,FALSE,100,TRUE
8,131,FALSE,FALSE,100,TRUE
9,132,FALSE,FALSE,100,TRUE
13,133,FALSE,FALSE,100,TRUE
14,134,FALSE,FALSE,100,TRUE
15,135,FALSE,FALSE,100,TRUE
19,136,FALSE,FALSE,100,TRUE
20,137,FALSE,FALSE,100,TRUE
21,138,FALSE,FALSE,100,TRUE
25,139,FALSE,FALSE,100,TRUE
26,140,FALSE,FALSE,100,TRUE
27,141,FALSE,FALSE,100,TRUE
31,142,FALSE,FALSE,100,TRUE
32,143,FALSE,FALSE,100,TRUE
33,144,FALSE,FALSE,100,TRUE
1,145,FALSE,FALSE,100,TRUE
2,146,FALSE,FALSE,100,TRUE
3,147,FALSE,FALSE,100,TRUE
7,148,FALSE,FALSE,100,TRUE
8,149,FALSE,FALSE,100,TRUE
9,150,FALSE,FALSE,100,TRUE
13,151,FALSE,FALSE,100,TRUE
14,152,FALSE,FALSE,100,TRUE
15,153,FALSE,FALSE,100,TRUE
19,154,FALSE,FALSE,100,TRUE
20,155,FALSE,FALSE,100,TRUE
21,156,FALSE,FALSE,100,TRUE
25,157,FALSE,FALSE,100,TRUE
26,158,FALSE,FALSE,100,TRUE
27,159,FALSE,FALSE,100,TRUE
31,160,FALSE,FALSE,100,TRUE
32,161,FALSE,FALSE,100,TRUE
33,162,FALSE,FALSE,100,TRUE
1,163,FALSE,FALSE,100,TRUE
2,164,FALSE,FALSE,100,TRUE
3,165,FALSE,FALSE,100,TRUE
7,166,FALSE,FALSE,100,TRUE
8,167,FALSE,FALSE,100,TRUE
9,168,FALSE,FALSE,100,TRUE
13,169,FALSE,FALSE,100,TRUE
14,170,FALSE,FALSE,100,TRUE
15,171,FALSE,FALSE,100,TRUE
19,172,FALSE,FALSE,100,TRUE
20,173,FALSE,FALSE,100,TRUE
21,174,FALSE,FALSE,100,TRUE
25,175,FALSE,FALSE,100,TRUE
26,176,FALSE,FALSE,100,TRUE
27,177,FALSE,FALSE,100,TRUE
31,178,FALSE,FALSE,100,TRUE
32,179,FALSE,FALSE,100,TRUE
33,180,FALSE,FALSE,100,TRUE
1,181,FALSE,FALSE,100,TRUE
2,182,FALSE,FALSE,100,TRUE
3,183,FALSE,FALSE,100,TRUE
7,184,FALSE,FALSE,100,TRUE
8,185,FALSE,FALSE,100,TRUE
9,186,FALSE,FALSE,100,TRUE
13,187,FALSE,FALSE,100,TRUE
14,188,FALSE,FALSE,100,TRUE
15,189,FALSE,FALSE,100,TRUE
19,190,FALSE,FALSE,100,TRUE
20,191,FALSE,FALSE,100,TRUE
21,192,FALSE,FALSE,100,TRUE
25,193,FALSE,FALSE,100,TRUE
26,194,FALSE,FALSE,100,TRUE
27,195,FALSE,FALSE,100,TRUE
31,196,FALSE,FALSE,100,TRUE
32,197,FALSE,FALSE,100,TRUE
33,198,FALSE,FALSE,100,TRUE
1,199,FALSE,FALSE,100,TRUE
2,200,FALSE,FALSE,100,TRUE
3,201,FALSE,FALSE,100,TRUE
7,202,FALSE,FALSE,100,TRUE
8,203,FALSE,FALSE,100,TRUE
9,204,FALSE,FALSE,100,TRUE
13,205,FALSE,FALSE,100,TRUE
14,206,FALSE,FALSE,100,TRUE
15,207,FALSE,FALSE,100,TRUE
19,208,FALSE,FALSE,100,TRUE
20,209,FALSE,FALSE,100,TRUE
21,210,FALSE,FALSE,100,TRUE
25,211,FALSE,FALSE,100,TRUE
26,212,FALSE,FALSE,100,TRUE
27,213,FALSE,FALSE,100,TRUE
31,214,FALSE,FALSE,100,TRUE
32,215,FALSE,FALSE,100,TRUE
33,216,FALSE,FALSE,100,TRUE
1,217,FALSE,FALSE,100,TRUE
2,218,FALSE,FALSE,100,TRUE
3,219,FALSE,FALSE,100,TRUE
7,220,FALSE,FALSE,100,TRUE
8,221,FALSE,FALSE,100,TRUE
9,222,FALSE,FALSE,100,TRUE
13,223,FALSE,FALSE,100,TRUE
14,224,FALSE,FALSE,100,TRUE
15,225,FALSE,FALSE,100,TRUE
19,226,FALSE,FALSE,100,TRUE
20,227,FALSE,FALSE,100,TRUE
21,228,FALSE,FALSE,100,TRUE
25,229,FALSE,FALSE,100,TRUE
26,230,FALSE,FALSE,100,TRUE
27,231,FALSE,FALSE,100,TRUE
31,232,FALSE,FALSE,100,TRUE
32,233,FALSE,FALSE,100,TRUE
33,234,FALSE,FALSE,100,TRUE
1,235,FALSE,FALSE,100,TRUE
2,236,FALSE,FALSE,100,TRUE
3,237,FALSE,FALSE,100,TRUE
7,238,FALSE,FALSE,100,TRUE
8,239,FALSE,FALSE,100,TRUE
9,240,FALSE,FALSE,100,TRUE
13,241,FALSE,FALSE,100,TRUE
14,242,FALSE,FALSE,100,TRUE
15,243,FALSE,FALSE,100,TRUE
19,244,FALSE,FALSE,100,TRUE
20,245,FALSE,FALSE,100,TRUE
21,246,FALSE,FALSE,100,TRUE
25,247,FALSE,FALSE,100,TRUE
26,248,FALSE,FALSE,100,TRUE
27,249,FALSE,FALSE,100,TRUE
31,250,FALSE,FALSE,100,TRUE
32,251,FALSE,FALSE,100,TRUE
33,252,FALSE,FALSE,100,TRUE
1,253,FALSE,FALSE,100,TRUE
2,254,FALSE,FALSE,100,TRUE
3,255,FALSE,FALSE,100,TRUE
7,256,FALSE,FALSE,100,TRUE
8,257,FALSE,FALSE,100,TRUE
9,258,FALSE,FALSE,100,TRUE
13,259,FALSE,FALSE,100,TRUE
14,260,FALSE,FALSE,100,TRUE
15,261,FALSE,FALSE,100,TRUE
19,262,FALSE,FALSE,100,TRUE
20,263,FALSE,FALSE,100,TRUE
21,264,FALSE,FALSE,100,TRUE
25,265,FALSE,FALSE,100,TRUE
26,266,FALSE,FALSE,100,TRUE
27,267,FALSE,FALSE,100,TRUE
31,268,FALSE,FALSE,100,TRUE
32,269,FALSE,FALSE,100,TRUE
33,270,FALSE,FALSE,100,TRUE
1,271,FALSE,FALSE,100,TRUE
2,272,FALSE,FALSE,100,TRUE
3,273,FALSE,FALSE,100,TRUE
7,274,FALSE,FALSE,100,TRUE
8,275,FALSE,FALSE,100,TRUE
9,276,FALSE,FALSE,100,TRUE
13,277,FALSE,FALSE,100,TRUE
14,278,FALSE,FALSE,100,TRUE
15,279,FALSE,FALSE,100,TRUE
19,280,FALSE,FALSE,100,TRUE
20,281,FALSE,FALSE,100,TRUE
21,282,FALSE,FALSE,100,TRUE
25,283,FALSE,FALSE,100,TRUE
26,284,FALSE,FALSE,100,TRUE
27,285,FALSE,FALSE,100,TRUE
31,286,FALSE,FALSE,100,TRUE
32,287,FALSE,FALSE,100,TRUE
33,288,FALSE,FALSE,100,TRUE
1,289,FALSE,FALSE,100,TRUE
2,290,FALSE,FALSE,100,TRUE
3,291,FALSE,FALSE,100,TRUE
7,292,FALSE,FALSE,100,TRUE
8,293,FALSE,FALSE,100,TRUE
9,294,FALSE,FALSE,100,TRUE
13,295,FALSE,FALSE,100,TRUE
14,296,FALSE,FALSE,100,TRUE
15,297,FALSE,FALSE,100,TRUE
19,298,FALSE,FALSE,100,TRUE
20,299,FALSE,FALSE,100,TRUE
21,300,FALSE,FALSE,100,TRUE
25,301,FALSE,FALSE,100,TRUE
26,302,FALSE,FALSE,100,TRUE
27,303,FALSE,FALSE,100,TRUE
31,304,FALSE,FALSE,100,TRUE
32,305,FALSE,FALSE,100,TRUE
33,306,FALSE,FALSE,100,TRUE
1,307,FALSE,FALSE,100,TRUE
2,308,FALSE,FALSE,100,TRUE
3,309,FALSE,FALSE,100,TRUE
7,310,FALSE,FALSE,100,TRUE
8,311,FALSE,FALSE,100,TRUE
9,312,FALSE,FALSE,100,TRUE
13,313,FALSE,FALSE,100,TRUE
14,314,FALSE,FALSE,100,TRUE
15,315,FALSE,FALSE,100,TRUE
19,316,FALSE,FALSE,100,TRUE
20,317,FALSE,FALSE,100,TRUE
21,318,FALSE,FALSE,100,TRUE
25,319,FALSE,FALSE,100,TRUE
26,320,FALSE,FALSE,100,TRUE
27,321,FALSE,FALSE,100,TRUE
31,322,FALSE,FALSE,100,TRUE
32,323,FALSE,FALSE,100,TRUE
33,324,FALSE,FALSE,100,TRUE
1,325,FALSE,FALSE,100,TRUE
2,326,FALSE,FALSE,100,TRUE
3,327,FALSE,FALSE,100,TRUE
7,328,FALSE,FALSE,100,TRUE
8,329,FALSE,FALSE,100,TRUE
9,330,FALSE,FALSE,100,TRUE
13,331,FALSE,FALSE,100,TRUE
14,332,FALSE,FALSE,100,TRUE
15,333,FALSE,FALSE,100,TRUE
19,334,FALSE,FALSE,100,TRUE
20,335,FALSE,FALSE,100,TRUE
21,336,FALSE,FALSE,100,TRUE
25,337,FALSE,FALSE,100,TRUE
26,338,FALSE,FALSE,100,TRUE
27,339,FALSE,FALSE,100,TRUE
31,340,FALSE,FALSE,100,TRUE
32,341,FALSE,FALSE,100,TRUE
33,342,FALSE,FALSE,100,TRUE
1,343,FALSE,FALSE,100,TRUE
2,344,FALSE,FALSE,100,TRUE
3,345,FALSE,FALSE,100,TRUE
7,346,FALSE,FALSE,100,TRUE
8,347,FALSE,FALSE,100,TRUE
9,348,FALSE,FALSE,100,TRUE
13,349,FALSE,FALSE,100,TRUE
14,350,FALSE,FALSE,100,TRUE
15,351,FALSE,FALSE,100,TRUE
19,352,FALSE,FALSE,100,TRUE
20,353,FALSE,FALSE,100,TRUE
21,354,FALSE,FALSE,100,TRUE
25,355,FALSE,FALSE,100,TRUE
26,356,FALSE,FALSE,100,TRUE
27,357,FALSE,FALSE,100,TRUE
31,358,FALSE,FALSE,100,TRUE
32,359,FALSE,FALSE,100,TRUE
33,360,FALSE,FALSE,100,TRUE
1,361,FALSE,FALSE,100,TRUE
2,362,FALSE,FALSE,100,TRUE
3,363,FALSE,FALSE,100,TRUE
7,364,FALSE,FALSE,100,TRUE
8,365,FALSE,FALSE,100,TRUE
9,366,FALSE,FALSE,100,TRUE
13,367,FALSE,FALSE,100,TRUE
14,368,FALSE,FALSE,100,TRUE
15,369,FALSE,FALSE,100,TRUE
19,370,FALSE,FALSE,100,TRUE
20,371,FALSE,FALSE,100,TRUE
21,372,FALSE,FALSE,100,TRUE
25,373,FALSE,FALSE,100,TRUE
26,374,FALSE,FALSE,100,TRUE
27,375,FALSE,FALSE,100,TRUE
31,376,FALSE,FALSE,100,TRUE
32,377,FALSE,FALSE,100,TRUE
33,378,FALSE,FALSE,100,TRUE
1,379,FALSE,FALSE,100,TRUE
2,380,FALSE,FALSE,100,TRUE
3,381,FALSE,FALSE,100,TRUE
7,382,FALSE,FALSE,100,TRUE
8,383,FALSE,FALSE,100,TRUE
9,384,FALSE,FALSE,100,TRUE
13,385,FALSE,FALSE,100,TRUE
14,386,FALSE,FALSE,100,TRUE
15,387,FALSE,FALSE,100,TRUE
19,388,FALSE,FALSE,100,TRUE
20,389,FALSE,FALSE,100,TRUE
21,390,FALSE,FALSE,100,TRUE
25,391,FALSE,FALSE,100,TRUE
26,392,FALSE,FALSE,100,TRUE
27,393,FALSE,FALSE,100,TRUE
31,394,FALSE,FALSE,100,TRUE
32,395,FALSE,FALSE,100,TRUE
33,396,FALSE,FALSE,100,TRUE
1,397,FALSE,FALSE,100,TRUE
2,398,FALSE,FALSE,100,TRUE
3,399,FALSE,FALSE,100,TRUE
7,400,FALSE,FALSE,100,TRUE
8,401,FALSE,FALSE,100,TRUE
9,402,FALSE,FALSE,100,TRUE
13,403,FALSE,FALSE,100,TRUE
14,404,FALSE,FALSE,100,TRUE
15,405,FALSE,FALSE,100,TRUE
19,406,FALSE,FALSE,100,TRUE
20,407,FALSE,FALSE,100,TRUE
21,408,FALSE,FALSE,100,TRUE
25,409,FALSE,FALSE,100,TRUE
26,410,FALSE,FALSE,100,TRUE
27,411,FALSE,FALSE,100,TRUE
31,412,FALSE,FALSE,100,TRUE
32,413,FALSE,FALSE,100,TRUE
33,414,FALSE,FALSE,100,TRUE
1,415,FALSE,FALSE,100,TRUE
2,416,FALSE,FALSE,100,TRUE
3,417,FALSE,FALSE,100,TRUE
7,418,FALSE,FALSE,100,TRUE
8,419,FALSE,FALSE,100,TRUE
9,420,FALSE,FALSE,100,TRUE
13,421,FALSE,FALSE,100,TRUE
14,422,FALSE,FALSE,100,TRUE
15,423,FALSE,FALSE,100,TRUE
19,424,FALSE,FALSE,100,TRUE
20,425,FALSE,FALSE,100,TRUE
21,426,FALSE,FALSE,100,TRUE
25,427,FALSE,FALSE,100,TRUE
26,428,FALSE,FALSE,100,TRUE
27,429,FALSE,FALSE,100,TRUE
31,430,FALSE,FALSE,100,TRUE
32,431,FALSE,FALSE,100,TRUE
33,432,FALSE,FALSE,100,TRUE
1,433,FALSE,FALSE,100,TRUE
2,434,FALSE,FALSE,100,TRUE
3,435,FALSE,FALSE,100,TRUE
7,436,FALSE,FALSE,100,TRUE
8,437,FALSE,FALSE,100,TRUE
9,438,FALSE,FALSE,100,TRUE
13,439,FALSE,FALSE,100,TRUE
14,440,FALSE,FALSE,100,TRUE
15,441,FALSE,FALSE,100,TRUE
19,442,FALSE,FALSE,100,TRUE
20,443,FALSE,FALSE,100,TRUE
21,444,FALSE,FALSE,100,TRUE
25,445,FALSE,FALSE,100,TRUE
26,446,FALSE,FALSE,100,TRUE
27,447,FALSE,FALSE,100,TRUE
31,448,FALSE,FALSE,100,TRUE
32,449,FALSE,FALSE,100,TRUE
33,450,FALSE,FALSE,100,TRUE
1,451,FALSE,FALSE,100,TRUE
2,452,FALSE,FALSE,100,TRUE
3,453,FALSE,FALSE,100,TRUE
7,454,FALSE,FALSE,100,TRUE
8,455,FALSE,FALSE,100,TRUE
9,456,FALSE,FALSE,100,TRUE
13,457,FALSE,FALSE,100,TRUE
14,458,FALSE,FALSE,100,TRUE
15,459,FALSE,FALSE,100,TRUE
19,460,FALSE,FALSE,100,TRUE
20,461,FALSE,FALSE,100,TRUE
21,462,FALSE,FALSE,100,TRUE
25,463,FALSE,FALSE,100,TRUE
26,464,FALSE,FALSE,100,TRUE
27,465,FALSE,FALSE,100,TRUE
31,466,FALSE,FALSE,100,TRUE
32,467,FALSE,FALSE,100,TRUE
33,468,FALSE,FALSE,100,TRUE
1,469,FALSE,FALSE,100,TRUE
2,470,FALSE,FALSE,100,TRUE
3,471,FALSE,FALSE,100,TRUE
7,472,FALSE,FALSE,100,TRUE
8,473,FALSE,FALSE,100,TRUE
9,474,FALSE,FALSE,100,TRUE
13,475,FALSE,FALSE,100,TRUE
14,476,FALSE,FALSE,100,TRUE
15,477,FALSE,FALSE,100,TRUE
19,478,FALSE,FALSE,100,TRUE
20,479,FALSE,FALSE,100,TRUE
21,480,FALSE,FALSE,100,TRUE
25,481,FALSE,FALSE,100,TRUE
26,482,FALSE,FALSE,100,TRUE
27,483,FALSE,FALSE,100,TRUE
31,484,FALSE,FALSE,100,TRUE
32,485,FALSE,FALSE,100,TRUE
33,486,FALSE,FALSE,100,TRUE
1,487,FALSE,FALSE,100,TRUE
2,488,FALSE,FALSE,100,TRUE
3,489,FALSE,FALSE,100,TRUE
7,490,FALSE,FALSE,100,TRUE
8,491,FALSE,FALSE,100,TRUE
9,492,FALSE,FALSE,100,TRUE
13,493,FALSE,FALSE,100,TRUE
14,494,FALSE,FALSE,100,TRUE
15,495,FALSE,FALSE,100,TRUE
19,496,FALSE,FALSE,100,TRUE
20,497,FALSE,FALSE,100,TRUE
21,498,FALSE,FALSE,100,TRUE
25,499,FALSE,FALSE,100,TRUE
26,500,FALSE,FALSE,100,TRUE
40,1,TRUE,FALSE,100,TRUE
41,2,TRUE,FALSE,100,TRUE
42,3,TRUE,FALSE,100,TRUE
46,4,TRUE,FALSE,100,TRUE
47,5,TRUE,FALSE,100,TRUE
48,6,TRUE,FALSE,100,TRUE
52,7,TRUE,FALSE,100,TRUE
53,8,TRUE,FALSE,100,TRUE
54,9,TRUE,FALSE,100,TRUE
58,10,TRUE,FALSE,100,TRUE
59,11,TRUE,FALSE,100,TRUE
60,12,TRUE,FALSE,100,TRUE
64,13,TRUE,FALSE,100,TRUE
65,14,TRUE,FALSE,100,TRUE
66,15,TRUE,FALSE,100,TRUE
67,16,TRUE,FALSE,100,TRUE
68,17,TRUE,FALSE,100,TRUE
69,18,TRUE,FALSE,100,TRUE
40,19,FALSE,TRUE,100,TRUE
41,20,FALSE,TRUE,100,TRUE
42,21,FALSE,TRUE,100,TRUE
46,22,FALSE,TRUE,100,TRUE
47,23,FALSE,TRUE,100,TRUE
48,24,FALSE,TRUE,100,TRUE
52,25,FALSE,TRUE,100,TRUE
53,26,FALSE,TRUE,100,TRUE
54,27,FALSE,TRUE,100,TRUE
58,28,FALSE,TRUE,100,TRUE
59,29,FALSE,TRUE,100,TRUE
60,30,FALSE,TRUE,100,TRUE
64,31,FALSE,TRUE,100,TRUE
65,32,FALSE,TRUE,100,TRUE
66,33,FALSE,TRUE,100,TRUE
67,34,FALSE,TRUE,100,TRUE
68,35,FALSE,TRUE,100,TRUE
69,36,FALSE,TRUE,100,TRUE
40,37,FALSE,FALSE,100,TRUE
41,38,FALSE,FALSE,100,TRUE
42,39,FALSE,FALSE,100,TRUE
46,40,FALSE,FALSE,100,TRUE
47,41,FALSE,FALSE,100,TRUE
48,42,FALSE,FALSE,100,TRUE
52,43,FALSE,FALSE,100,TRUE
53,44,FALSE,FALSE,100,TRUE
54,45,FALSE,FALSE,100,TRUE
58,46,FALSE,FALSE,100,TRUE
59,47,FALSE,FALSE,100,TRUE
60,48,FALSE,FALSE,100,TRUE
64,49,FALSE,FALSE,100,TRUE
65,50,FALSE,FALSE,100,TRUE
66,51,FALSE,FALSE,100,TRUE
67,52,FALSE,FALSE,100,TRUE
68,53,FALSE,FALSE,100,TRUE
69,54,FALSE,FALSE,100,TRUE
40,55,FALSE,FALSE,100,TRUE
41,56,FALSE,FALSE,100,TRUE
42,57,FALSE,FALSE,100,TRUE
46,58,FALSE,FALSE,100,TRUE
47,59,FALSE,FALSE,100,TRUE
48,60,FALSE,FALSE,100,TRUE
52,61,FALSE,FALSE,100,TRUE
53,62,FALSE,FALSE,100,TRUE
54,63,FALSE,FALSE,100,TRUE
58,64,FALSE,FALSE,100,TRUE
59,65,FALSE,FALSE,100,TRUE
60,66,FALSE,FALSE,100,TRUE
64,67,FALSE,FALSE,100,TRUE
65,68,FALSE,FALSE,100,TRUE
66,69,FALSE,FALSE,100,TRUE
67,70,FALSE,FALSE,100,TRUE
68,71,FALSE,FALSE,100,TRUE
69,72,FALSE,FALSE,100,TRUE
40,73,FALSE,FALSE,100,TRUE
41,74,FALSE,FALSE,100,TRUE
42,75,FALSE,FALSE,100,TRUE
46,76,FALSE,FALSE,100,TRUE
47,77,FALSE,FALSE,100,TRUE
48,78,FALSE,FALSE,100,TRUE
52,79,FALSE,FALSE,100,TRUE
53,80,FALSE,FALSE,100,TRUE
54,81,FALSE,FALSE,100,TRUE
58,82,FALSE,FALSE,100,TRUE
59,83,FALSE,FALSE,100,TRUE
60,84,FALSE,FALSE,100,TRUE
64,85,FALSE,FALSE,100,TRUE
65,86,FALSE,FALSE,100,TRUE
66,87,FALSE,FALSE,100,TRUE
67,88,FALSE,FALSE,100,TRUE
68,89,FALSE,FALSE,100,TRUE
69,90,FALSE,FALSE,100,TRUE
40,91,FALSE,FALSE,100,TRUE
41,92,FALSE,FALSE,100,TRUE
42,93,FALSE,FALSE,100,TRUE
46,94,FALSE,FALSE,100,TRUE
47,95,FALSE,FALSE,100,TRUE
48,96,FALSE,FALSE,100,TRUE
52,97,FALSE,FALSE,100,TRUE
53,98,FALSE,FALSE,100,TRUE
54,99,FALSE,FALSE,100,TRUE
58,100,FALSE,FALSE,100,TRUE
59,101,FALSE,FALSE,100,TRUE
60,102,FALSE,FALSE,100,TRUE
64,103,FALSE,FALSE,100,TRUE
65,104,FALSE,FALSE,100,TRUE
66,105,FALSE,FALSE,100,TRUE
67,106,FALSE,FALSE,100,TRUE
68,107,FALSE,FALSE,100,TRUE
69,108,FALSE,FALSE,100,TRUE
40,109,FALSE,FALSE,100,TRUE
41,110,FALSE,FALSE,100,TRUE
42,111,FALSE,FALSE,100,TRUE
46,112,FALSE,FALSE,100,TRUE
47,113,FALSE,FALSE,100,TRUE
48,114,FALSE,FALSE,100,TRUE
52,115,FALSE,FALSE,100,TRUE
53,116,FALSE,FALSE,100,TRUE
54,117,FALSE,FALSE,100,TRUE
58,118,FALSE,FALSE,100,TRUE
59,119,FALSE,FALSE,100,TRUE
60,120,FALSE,FALSE,100,TRUE
64,121,FALSE,FALSE,100,TRUE
65,122,FALSE,FALSE,100,TRUE
66,123,FALSE,FALSE,100,TRUE
67,124,FALSE,FALSE,100,TRUE
68,125,FALSE,FALSE,100,TRUE
69,126,FALSE,FALSE,100,TRUE
40,127,FALSE,FALSE,100,TRUE
41,128,FALSE,FALSE,100,TRUE
42,129,FALSE,FALSE,100,TRUE
46,130,FALSE,FALSE,100,TRUE
47,131,FALSE,FALSE,100,TRUE
48,132,FALSE,FALSE,100,TRUE
52,133,FALSE,FALSE,100,TRUE
53,134,FALSE,FALSE,100,TRUE
54,135,FALSE,FALSE,100,TRUE
58,136,FALSE,FALSE,100,TRUE
59,137,FALSE,FALSE,100,TRUE
60,138,FALSE,FALSE,100,TRUE
64,139,FALSE,FALSE,100,TRUE
65,140,FALSE,FALSE,100,TRUE
66,141,FALSE,FALSE,100,TRUE
67,142,FALSE,FALSE,100,TRUE
68,143,FALSE,FALSE,100,TRUE
69,144,FALSE,FALSE,100,TRUE
40,145,FALSE,FALSE,100,TRUE
41,146,FALSE,FALSE,100,TRUE
42,147,FALSE,FALSE,100,TRUE
46,148,FALSE,FALSE,100,TRUE
47,149,FALSE,FALSE,100,TRUE
48,150,FALSE,FALSE,100,TRUE
52,151,FALSE,FALSE,100,TRUE
53,152,FALSE,FALSE,100,TRUE
54,153,FALSE,FALSE,100,TRUE
58,154,FALSE,FALSE,100,TRUE
59,155,FALSE,FALSE,100,TRUE
60,156,FALSE,FALSE,100,TRUE
64,157,FALSE,FALSE,100,TRUE
65,158,FALSE,FALSE,100,TRUE
66,159,FALSE,FALSE,100,TRUE
67,160,FALSE,FALSE,100,TRUE
68,161,FALSE,FALSE,100,TRUE
69,162,FALSE,FALSE,100,TRUE
40,163,FALSE,FALSE,100,TRUE
41,164,FALSE,FALSE,100,TRUE
42,165,FALSE,FALSE,100,TRUE
46,166,FALSE,FALSE,100,TRUE
47,167,FALSE,FALSE,100,TRUE
48,168,FALSE,FALSE,100,TRUE
52,169,FALSE,FALSE,100,TRUE
53,170,FALSE,FALSE,100,TRUE
54,171,FALSE,FALSE,100,TRUE
58,172,FALSE,FALSE,100,TRUE
59,173,FALSE,FALSE,100,TRUE
60,174,FALSE,FALSE,100,TRUE
64,175,FALSE,FALSE,100,TRUE
65,176,FALSE,FALSE,100,TRUE
66,177,FALSE,FALSE,100,TRUE
67,178,FALSE,FALSE,100,TRUE
68,179,FALSE,FALSE,100,TRUE
69,180,FALSE,FALSE,100,TRUE
40,181,FALSE,FALSE,100,TRUE
41,182,FALSE,FALSE,100,TRUE
42,183,FALSE,FALSE,100,TRUE
46,184,FALSE,FALSE,100,TRUE
47,185,FALSE,FALSE,100,TRUE
48,186,FALSE,FALSE,100,TRUE
52,187,FALSE,FALSE,100,TRUE
53,188,FALSE,FALSE,100,TRUE
54,189,FALSE,FALSE,100,TRUE
58,190,FALSE,FALSE,100,TRUE
59,191,FALSE,FALSE,100,TRUE
60,192,FALSE,FALSE,100,TRUE
64,193,FALSE,FALSE,100,TRUE
65,194,FALSE,FALSE,100,TRUE
66,195,FALSE,FALSE,100,TRUE
67,196,FALSE,FALSE,100,TRUE
68,197,FALSE,FALSE,100,TRUE
69,198,FALSE,FALSE,100,TRUE
40,199,FALSE,FALSE,100,TRUE
41,200,FALSE,FALSE,100,TRUE
42,201,FALSE,FALSE,100,TRUE
46,202,FALSE,FALSE,100,TRUE
47,203,FALSE,FALSE,100,TRUE
48,204,FALSE,FALSE,100,TRUE
52,205,FALSE,FALSE,100,TRUE
53,206,FALSE,FALSE,100,TRUE
54,207,FALSE,FALSE,100,TRUE
58,208,FALSE,FALSE,100,TRUE
59,209,FALSE,FALSE,100,TRUE
60,210,FALSE,FALSE,100,TRUE
64,211,FALSE,FALSE,100,TRUE
65,212,FALSE,FALSE,100,TRUE
66,213,FALSE,FALSE,100,TRUE
67,214,FALSE,FALSE,100,TRUE
68,215,FALSE,FALSE,100,TRUE
69,216,FALSE,FALSE,100,TRUE
40,217,FALSE,FALSE,100,TRUE
41,218,FALSE,FALSE,100,TRUE
42,219,FALSE,FALSE,100,TRUE
46,220,FALSE,FALSE,100,TRUE
47,221,FALSE,FALSE,100,TRUE
48,222,FALSE,FALSE,100,TRUE
52,223,FALSE,FALSE,100,TRUE
53,224,FALSE,FALSE,100,TRUE
54,225,FALSE,FALSE,100,TRUE
58,226,FALSE,FALSE,100,TRUE
59,227,FALSE,FALSE,100,TRUE
60,228,FALSE,FALSE,100,TRUE
64,229,FALSE,FALSE,100,TRUE
65,230,FALSE,FALSE,100,TRUE
66,231,FALSE,FALSE,100,TRUE
67,232,FALSE,FALSE,100,TRUE
68,233,FALSE,FALSE,100,TRUE
69,234,FALSE,FALSE,100,TRUE
40,235,FALSE,FALSE,100,TRUE
41,236,FALSE,FALSE,100,TRUE
42,237,FALSE,FALSE,100,TRUE
46,238,FALSE,FALSE,100,TRUE
47,239,FALSE,FALSE,100,TRUE
48,240,FALSE,FALSE,100,TRUE
52,241,FALSE,FALSE,100,TRUE
53,242,FALSE,FALSE,100,TRUE
54,243,FALSE,FALSE,100,TRUE
58,244,FALSE,FALSE,100,TRUE
59,245,FALSE,FALSE,100,TRUE
60,246,FALSE,FALSE,100,TRUE
64,247,FALSE,FALSE,100,TRUE
65,248,FALSE,FALSE,100,TRUE
66,249,FALSE,FALSE,100,TRUE
67,250,FALSE,FALSE,100,TRUE
68,251,FALSE,FALSE,100,TRUE
69,252,FALSE,FALSE,100,TRUE
40,253,FALSE,FALSE,100,TRUE
41,254,FALSE,FALSE,100,TRUE
42,255,FALSE,FALSE,100,TRUE
46,256,FALSE,FALSE,100,TRUE
47,257,FALSE,FALSE,100,TRUE
48,258,FALSE,FALSE,100,TRUE
52,259,FALSE,FALSE,100,TRUE
53,260,FALSE,FALSE,100,TRUE
54,261,FALSE,FALSE,100,TRUE
58,262,FALSE,FALSE,100,TRUE
59,263,FALSE,FALSE,100,TRUE
60,264,FALSE,FALSE,100,TRUE
64,265,FALSE,FALSE,100,TRUE
65,266,FALSE,FALSE,100,TRUE
66,267,FALSE,FALSE,100,TRUE
67,268,FALSE,FALSE,100,TRUE
68,269,FALSE,FALSE,100,TRUE
69,270,FALSE,FALSE,100,TRUE
40,271,FALSE,FALSE,100,TRUE
41,272,FALSE,FALSE,100,TRUE
42,273,FALSE,FALSE,100,TRUE
46,274,FALSE,FALSE,100,TRUE
47,275,FALSE,FALSE,100,TRUE
48,276,FALSE,FALSE,100,TRUE
52,277,FALSE,FALSE,100,TRUE
53,278,FALSE,FALSE,100,TRUE
54,279,FALSE,FALSE,100,TRUE
58,280,FALSE,FALSE,100,TRUE
59,281,FALSE,FALSE,100,TRUE
60,282,FALSE,FALSE,100,TRUE
64,283,FALSE,FALSE,100,TRUE
65,284,FALSE,FALSE,100,TRUE
66,285,FALSE,FALSE,100,TRUE
67,286,FALSE,FALSE,100,TRUE
68,287,FALSE,FALSE,100,TRUE
69,288,FALSE,FALSE,100,TRUE
40,289,FALSE,FALSE,100,TRUE
41,290,FALSE,FALSE,100,TRUE
42,291,FALSE,FALSE,100,TRUE
46,292,FALSE,FALSE,100,TRUE
47,293,FALSE,FALSE,100,TRUE
48,294,FALSE,FALSE,100,TRUE
52,295,FALSE,FALSE,100,TRUE
53,296,FALSE,FALSE,100,TRUE
54,297,FALSE,FALSE,100,TRUE
58,298,FALSE,FALSE,100,TRUE
59,299,FALSE,FALSE,100,TRUE
60,300,FALSE,FALSE,100,TRUE
64,301,FALSE,FALSE,100,TRUE
65,302,FALSE,FALSE,100,TRUE
66,303,FALSE,FALSE,100,TRUE
67,304,FALSE,FALSE,100,TRUE
68,305,FALSE,FALSE,100,TRUE
69,306,FALSE,FALSE,100,TRUE
40,307,FALSE,FALSE,100,TRUE
41,308,FALSE,FALSE,100,TRUE
42,309,FALSE,FALSE,100,TRUE
46,310,FALSE,FALSE,100,TRUE
47,311,FALSE,FALSE,100,TRUE
48,312,FALSE,FALSE,100,TRUE
52,313,FALSE,FALSE,100,TRUE
53,314,FALSE,FALSE,100,TRUE
54,315,FALSE,FALSE,100,TRUE
58,316,FALSE,FALSE,100,TRUE
59,317,FALSE,FALSE,100,TRUE
60,318,FALSE,FALSE,100,TRUE
64,319,FALSE,FALSE,100,TRUE
65,320,FALSE,FALSE,100,TRUE
66,321,FALSE,FALSE,100,TRUE
67,322,FALSE,FALSE,100,TRUE
68,323,FALSE,FALSE,100,TRUE
69,324,FALSE,FALSE,100,TRUE
40,325,FALSE,FALSE,100,TRUE
41,326,FALSE,FALSE,100,TRUE
42,327,FALSE,FALSE,100,TRUE
46,328,FALSE,FALSE,100,TRUE
47,329,FALSE,FALSE,100,TRUE
48,330,FALSE,FALSE,100,TRUE
52,331,FALSE,FALSE,100,TRUE
53,332,FALSE,FALSE,100,TRUE
54,333,FALSE,FALSE,100,TRUE
58,334,FALSE,FALSE,100,TRUE
59,335,FALSE,FALSE,100,TRUE
60,336,FALSE,FALSE,100,TRUE
64,337,FALSE,FALSE,100,TRUE
65,338,FALSE,FALSE,100,TRUE
66,339,FALSE,FALSE,100,TRUE
67,340,FALSE,FALSE,100,TRUE
68,341,FALSE,FALSE,100,TRUE
69,342,FALSE,FALSE,100,TRUE
40,343,FALSE,FALSE,100,TRUE
41,344,FALSE,FALSE,100,TRUE
42,345,FALSE,FALSE,100,TRUE
46,346,FALSE,FALSE,100,TRUE
47,347,FALSE,FALSE,100,TRUE
48,348,FALSE,FALSE,100,TRUE
52,349,FALSE,FALSE,100,TRUE
53,350,FALSE,FALSE,100,TRUE
54,351,FALSE,FALSE,100,TRUE
58,352,FALSE,FALSE,100,TRUE
59,353,FALSE,FALSE,100,TRUE
60,354,FALSE,FALSE,100,TRUE
64,355,FALSE,FALSE,100,TRUE
65,356,FALSE,FALSE,100,TRUE
66,357,FALSE,FALSE,100,TRUE
67,358,FALSE,FALSE,100,TRUE
68,359,FALSE,FALSE,100,TRUE
69,360,FALSE,FALSE,100,TRUE
40,361,FALSE,FALSE,100,TRUE
41,362,FALSE,FALSE,100,TRUE
42,363,FALSE,FALSE,100,TRUE
46,364,FALSE,FALSE,100,TRUE
47,365,FALSE,FALSE,100,TRUE
48,366,FALSE,FALSE,100,TRUE
52,367,FALSE,FALSE,100,TRUE
53,368,FALSE,FALSE,100,TRUE
54,369,FALSE,FALSE,100,TRUE
58,370,FALSE,FALSE,100,TRUE
59,371,FALSE,FALSE,100,TRUE
60,372,FALSE,FALSE,100,TRUE
64,373,FALSE,FALSE,100,TRUE
65,374,FALSE,FALSE,100,TRUE
66,375,FALSE,FALSE,100,TRUE
67,376,FALSE,FALSE,100,TRUE
68,377,FALSE,FALSE,100,TRUE
69,378,FALSE,FALSE,100,TRUE
40,379,FALSE,FALSE,100,TRUE
41,380,FALSE,FALSE,100,TRUE
42,381,FALSE,FALSE,100,TRUE
46,382,FALSE,FALSE,100,TRUE
47,383,FALSE,FALSE,100,TRUE
48,384,FALSE,FALSE,100,TRUE
52,385,FALSE,FALSE,100,TRUE
53,386,FALSE,FALSE,100,TRUE
54,387,FALSE,FALSE,100,TRUE
58,388,FALSE,FALSE,100,TRUE
59,389,FALSE,FALSE,100,TRUE
60,390,FALSE,FALSE,100,TRUE
64,391,FALSE,FALSE,100,TRUE
65,392,FALSE,FALSE,100,TRUE
66,393,FALSE,FALSE,100,TRUE
67,394,FALSE,FALSE,100,TRUE
68,395,FALSE,FALSE,100,TRUE
69,396,FALSE,FALSE,100,TRUE
40,397,FALSE,FALSE,100,TRUE
41,398,FALSE,FALSE,100,TRUE
42,399,FALSE,FALSE,100,TRUE
46,400,FALSE,FALSE,100,TRUE
47,401,FALSE,FALSE,100,TRUE
48,402,FALSE,FALSE,100,TRUE
52,403,FALSE,FALSE,100,TRUE
53,404,FALSE,FALSE,100,TRUE
54,405,FALSE,FALSE,100,TRUE
58,406,FALSE,FALSE,100,TRUE
59,407,FALSE,FALSE,100,TRUE
60,408,FALSE,FALSE,100,TRUE
64,409,FALSE,FALSE,100,TRUE
65,410,FALSE,FALSE,100,TRUE
66,411,FALSE,FALSE,100,TRUE
67,412,FALSE,FALSE,100,TRUE
68,413,FALSE,FALSE,100,TRUE
69,414,FALSE,FALSE,100,TRUE
40,415,FALSE,FALSE,100,TRUE
41,416,FALSE,FALSE,100,TRUE
42,417,FALSE,FALSE,100,TRUE
46,418,FALSE,FALSE,100,TRUE
47,419,FALSE,FALSE,100,TRUE
48,420,FALSE,FALSE,100,TRUE
52,421,FALSE,FALSE,100,TRUE
53,422,FALSE,FALSE,100,TRUE
54,423,FALSE,FALSE,100,TRUE
58,424,FALSE,FALSE,100,TRUE
59,425,FALSE,FALSE,100,TRUE
60,426,FALSE,FALSE,100,TRUE
64,427,FALSE,FALSE,100,TRUE
65,428,FALSE,FALSE,100,TRUE
66,429,FALSE,FALSE,100,TRUE
67,430,FALSE,FALSE,100,TRUE
68,431,FALSE,FALSE,100,TRUE
69,432,FALSE,FALSE,100,TRUE
40,433,FALSE,FALSE,100,TRUE
41,434,FALSE,FALSE,100,TRUE
42,435,FALSE,FALSE,100,TRUE
46,436,FALSE,FALSE,100,TRUE
47,437,FALSE,FALSE,100,TRUE
48,438,FALSE,FALSE,100,TRUE
52,439,FALSE,FALSE,100,TRUE
53,440,FALSE,FALSE,100,TRUE
54,441,FALSE,FALSE,100,TRUE
58,442,FALSE,FALSE,100,TRUE
59,443,FALSE,FALSE,100,TRUE
60,444,FALSE,FALSE,100,TRUE
64,445,FALSE,FALSE,100,TRUE
65,446,FALSE,FALSE,100,TRUE
66,447,FALSE,FALSE,100,TRUE
67,448,FALSE,FALSE,100,TRUE
68,449,FALSE,FALSE,100,TRUE
69,450,FALSE,FALSE,100,TRUE
40,451,FALSE,FALSE,100,TRUE
41,452,FALSE,FALSE,100,TRUE
42,453,FALSE,FALSE,100,TRUE
46,454,FALSE,FALSE,100,TRUE
47,455,FALSE,FALSE,100,TRUE
48,456,FALSE,FALSE,100,TRUE
52,457,FALSE,FALSE,100,TRUE
53,458,FALSE,FALSE,100,TRUE
54,459,FALSE,FALSE,100,TRUE
58,460,FALSE,FALSE,100,TRUE
59,461,FALSE,FALSE,100,TRUE
60,462,FALSE,FALSE,100,TRUE
64,463,FALSE,FALSE,100,TRUE
65,464,FALSE,FALSE,100,TRUE
66,465,FALSE,FALSE,100,TRUE
67,466,FALSE,FALSE,100,TRUE
68,467,FALSE,FALSE,100,TRUE
69,468,FALSE,FALSE,100,TRUE
40,469,FALSE,FALSE,100,TRUE
41,470,FALSE,FALSE,100,TRUE
42,471,FALSE,FALSE,100,TRUE
46,472,FALSE,FALSE,100,TRUE
47,473,FALSE,FALSE,100,TRUE
48,474,FALSE,FALSE,100,TRUE
52,475,FALSE,FALSE,100,TRUE
53,476,FALSE,FALSE,100,TRUE
54,477,FALSE,FALSE,100,TRUE
58,478,FALSE,FALSE,100,TRUE
59,479,FALSE,FALSE,100,TRUE
60,480,FALSE,FALSE,100,TRUE
64,481,FALSE,FALSE,100,TRUE
65,482,FALSE,FALSE,100,TRUE
66,483,FALSE,FALSE,100,TRUE
67,484,FALSE,FALSE,100,TRUE
68,485,FALSE,FALSE,100,TRUE
69,486,FALSE,FALSE,100,TRUE
40,487,FALSE,FALSE,100,TRUE
41,488,FALSE,FALSE,100,TRUE
42,489,FALSE,FALSE,100,TRUE
46,490,FALSE,FALSE,100,TRUE
47,491,FALSE,FALSE,100,TRUE
48,492,FALSE,FALSE,100,TRUE
52,493,FALSE,FALSE,100,TRUE
53,494,FALSE,FALSE,100,TRUE
54,495,FALSE,FALSE,100,TRUE
58,496,FALSE,FALSE,100,TRUE
59,497,FALSE,FALSE,100,TRUE
60,498,FALSE,FALSE,100,TRUE
64,499,FALSE,FALSE,100,TRUE
65,500,FALSE,FALSE,100,TRUE
37,501,TRUE,FALSE,100,TRUE
38,502,TRUE,FALSE,100,TRUE
39,503,TRUE,FALSE,100,TRUE
43,504,TRUE,FALSE,100,TRUE
44,505,TRUE,FALSE,100,TRUE
45,506,TRUE,FALSE,100,TRUE
49,507,TRUE,FALSE,100,TRUE
50,508,TRUE,FALSE,100,TRUE
51,509,TRUE,FALSE,100,TRUE
55,510,TRUE,FALSE,100,TRUE
56,511,TRUE,FALSE,100,TRUE
57,512,TRUE,FALSE,100,TRUE
61,513,TRUE,FALSE,100,TRUE
62,514,TRUE,FALSE,100,TRUE
63,515,TRUE,FALSE,100,TRUE
67,516,TRUE,FALSE,100,TRUE
68,517,TRUE,FALSE,100,TRUE
69,518,TRUE,FALSE,100,TRUE
37,519,FALSE,TRUE,100,TRUE
38,520,FALSE,TRUE,100,TRUE
39,521,FALSE,TRUE,100,TRUE
43,522,FALSE,TRUE,100,TRUE
44,523,FALSE,TRUE,100,TRUE
45,524,FALSE,TRUE,100,TRUE
49,525,FALSE,TRUE,100,TRUE
50,526,FALSE,TRUE,100,TRUE
51,527,FALSE,TRUE,100,TRUE
55,528,FALSE,TRUE,100,TRUE
56,529,FALSE,TRUE,100,TRUE
57,530,FALSE,TRUE,100,TRUE
61,531,FALSE,TRUE,100,TRUE
62,532,FALSE,TRUE,100,TRUE
63,533,FALSE,TRUE,100,TRUE
67,534,FALSE,TRUE,100,TRUE
68,535,FALSE,TRUE,100,TRUE
69,536,FALSE,TRUE,100,TRUE
37,537,FALSE,FALSE,100,TRUE
38,538,FALSE,FALSE,100,TRUE
39,539,FALSE,FALSE,100,TRUE
43,540,FALSE,FALSE,100,TRUE
44,541,FALSE,FALSE,100,TRUE
45,542,FALSE,FALSE,100,TRUE
49,543,FALSE,FALSE,100,TRUE
50,544,FALSE,FALSE,100,TRUE
51,545,FALSE,FALSE,100,TRUE
55,546,FALSE,FALSE,100,TRUE
56,547,FALSE,FALSE,100,TRUE
57,548,FALSE,FALSE,100,TRUE
61,549,FALSE,FALSE,100,TRUE
62,550,FALSE,FALSE,100,TRUE
63,551,FALSE,FALSE,100,TRUE
67,552,FALSE,FALSE,100,TRUE
68,553,FALSE,FALSE,100,TRUE
69,554,FALSE,FALSE,100,TRUE
37,555,FALSE,FALSE,100,TRUE
38,556,FALSE,FALSE,100,TRUE
39,557,FALSE,FALSE,100,TRUE
43,558,FALSE,FALSE,100,TRUE
44,559,FALSE,FALSE,100,TRUE
45,560,FALSE,FALSE,100,TRUE
49,561,FALSE,FALSE,100,TRUE
50,562,FALSE,FALSE,100,TRUE
51,563,FALSE,FALSE,100,TRUE
55,564,FALSE,FALSE,100,TRUE
56,565,FALSE,FALSE,100,TRUE
57,566,FALSE,FALSE,100,TRUE
61,567,FALSE,FALSE,100,TRUE
62,568,FALSE,FALSE,100,TRUE
63,569,FALSE,FALSE,100,TRUE
67,570,FALSE,FALSE,100,TRUE
68,571,FALSE,FALSE,100,TRUE
69,572,FALSE,FALSE,100,TRUE
37,573,FALSE,FALSE,100,TRUE
38,574,FALSE,FALSE,100,TRUE
39,575,FALSE,FALSE,100,TRUE
43,576,FALSE,FALSE,100,TRUE
44,577,FALSE,FALSE,100,TRUE
45,578,FALSE,FALSE,100,TRUE
49,579,FALSE,FALSE,100,TRUE
50,580,FALSE,FALSE,100,TRUE
51,581,FALSE,FALSE,100,TRUE
55,582,FALSE,FALSE,100,TRUE
56,583,FALSE,FALSE,100,TRUE
57,584,FALSE,FALSE,100,TRUE
61,585,FALSE,FALSE,100,TRUE
62,586,FALSE,FALSE,100,TRUE
63,587,FALSE,FALSE,100,TRUE
67,588,FALSE,FALSE,100,TRUE
68,589,FALSE,FALSE,100,TRUE
69,590,FALSE,FALSE,100,TRUE
37,591,FALSE,FALSE,100,TRUE
38,592,FALSE,FALSE,100,TRUE
39,593,FALSE,FALSE,100,TRUE
43,594,FALSE,FALSE,100,TRUE
44,595,FALSE,FALSE,100,TRUE
45,596,FALSE,FALSE,100,TRUE
49,597,FALSE,FALSE,100,TRUE
50,598,FALSE,FALSE,100,TRUE
51,599,FALSE,FALSE,100,TRUE
55,600,FALSE,FALSE,100,TRUE
56,601,FALSE,FALSE,100,TRUE
57,602,FALSE,FALSE,100,TRUE
61,603,FALSE,FALSE,100,TRUE
62,604,FALSE,FALSE,100,TRUE
63,605,FALSE,FALSE,100,TRUE
67,606,FALSE,FALSE,100,TRUE
68,607,FALSE,FALSE,100,TRUE
69,608,FALSE,FALSE,100,TRUE
37,609,FALSE,FALSE,100,TRUE
38,610,FALSE,FALSE,100,TRUE
39,611,FALSE,FALSE,100,TRUE
43,612,FALSE,FALSE,100,TRUE
44,613,FALSE,FALSE,100,TRUE
45,614,FALSE,FALSE,100,TRUE
49,615,FALSE,FALSE,100,TRUE
50,616,FALSE,FALSE,100,TRUE
51,617,FALSE,FALSE,100,TRUE
55,618,FALSE,FALSE,100,TRUE
56,619,FALSE,FALSE,100,TRUE
57,620,FALSE,FALSE,100,TRUE
61,621,FALSE,FALSE,100,TRUE
62,622,FALSE,FALSE,100,TRUE
63,623,FALSE,FALSE,100,TRUE
67,624,FALSE,FALSE,100,TRUE
68,625,FALSE,FALSE,100,TRUE
69,626,FALSE,FALSE,100,TRUE
37,627,FALSE,FALSE,100,TRUE
38,628,FALSE,FALSE,100,TRUE
39,629,FALSE,FALSE,100,TRUE
43,630,FALSE,FALSE,100,TRUE
44,631,FALSE,FALSE,100,TRUE
45,632,FALSE,FALSE,100,TRUE
49,633,FALSE,FALSE,100,TRUE
50,634,FALSE,FALSE,100,TRUE
51,635,FALSE,FALSE,100,TRUE
55,636,FALSE,FALSE,100,TRUE
56,637,FALSE,FALSE,100,TRUE
57,638,FALSE,FALSE,100,TRUE
61,639,FALSE,FALSE,100,TRUE
62,640,FALSE,FALSE,100,TRUE
63,641,FALSE,FALSE,100,TRUE
67,642,FALSE,FALSE,100,TRUE
68,643,FALSE,FALSE,100,TRUE
69,644,FALSE,FALSE,100,TRUE
37,645,FALSE,FALSE,100,TRUE
38,646,FALSE,FALSE,100,TRUE
39,647,FALSE,FALSE,100,TRUE
43,648,FALSE,FALSE,100,TRUE
44,649,FALSE,FALSE,100,TRUE
45,650,FALSE,FALSE,100,TRUE
49,651,FALSE,FALSE,100,TRUE
50,652,FALSE,FALSE,100,TRUE
51,653,FALSE,FALSE,100,TRUE
55,654,FALSE,FALSE,100,TRUE
56,655,FALSE,FALSE,100,TRUE
57,656,FALSE,FALSE,100,TRUE
61,657,FALSE,FALSE,100,TRUE
62,658,FALSE,FALSE,100,TRUE
63,659,FALSE,FALSE,100,TRUE
67,660,FALSE,FALSE,100,TRUE
68,661,FALSE,FALSE,100,TRUE
69,662,FALSE,FALSE,100,TRUE
37,663,FALSE,FALSE,100,TRUE
38,664,FALSE,FALSE,100,TRUE
39,665,FALSE,FALSE,100,TRUE
43,666,FALSE,FALSE,100,TRUE
44,667,FALSE,FALSE,100,TRUE
45,668,FALSE,FALSE,100,TRUE
49,669,FALSE,FALSE,100,TRUE
50,670,FALSE,FALSE,100,TRUE
51,671,FALSE,FALSE,100,TRUE
55,672,FALSE,FALSE,100,TRUE
56,673,FALSE,FALSE,100,TRUE
57,674,FALSE,FALSE,100,TRUE
61,675,FALSE,FALSE,100,TRUE
62,676,FALSE,FALSE,100,TRUE
63,677,FALSE,FALSE,100,TRUE
67,678,FALSE,FALSE,100,TRUE
68,679,FALSE,FALSE,100,TRUE
69,680,FALSE,FALSE,100,TRUE
37,681,FALSE,FALSE,100,TRUE
38,682,FALSE,FALSE,100,TRUE
39,683,FALSE,FALSE,100,TRUE
43,684,FALSE,FALSE,100,TRUE
44,685,FALSE,FALSE,100,TRUE
45,686,FALSE,FALSE,100,TRUE
49,687,FALSE,FALSE,100,TRUE
50,688,FALSE,FALSE,100,TRUE
51,689,FALSE,FALSE,100,TRUE
55,690,FALSE,FALSE,100,TRUE
56,691,FALSE,FALSE,100,TRUE
57,692,FALSE,FALSE,100,TRUE
61,693,FALSE,FALSE,100,TRUE
62,694,FALSE,FALSE,100,TRUE
63,695,FALSE,FALSE,100,TRUE
67,696,FALSE,FALSE,100,TRUE
68,697,FALSE,FALSE,100,TRUE
69,698,FALSE,FALSE,100,TRUE
37,699,FALSE,FALSE,100,TRUE
38,700,FALSE,FALSE,100,TRUE
39,701,FALSE,FALSE,100,TRUE
43,702,FALSE,FALSE,100,TRUE
44,703,FALSE,FALSE,100,TRUE
45,704,FALSE,FALSE,100,TRUE
49,705,FALSE,FALSE,100,TRUE
50,706,FALSE,FALSE,100,TRUE
51,707,FALSE,FALSE,100,TRUE
55,708,FALSE,FALSE,100,TRUE
56,709,FALSE,FALSE,100,TRUE
57,710,FALSE,FALSE,100,TRUE
61,711,FALSE,FALSE,100,TRUE
62,712,FALSE,FALSE,100,TRUE
63,713,FALSE,FALSE,100,TRUE
67,714,FALSE,FALSE,100,TRUE
68,715,FALSE,FALSE,100,TRUE
69,716,FALSE,FALSE,100,TRUE
37,717,FALSE,FALSE,100,TRUE
38,718,FALSE,FALSE,100,TRUE
39,719,FALSE,FALSE,100,TRUE
43,720,FALSE,FALSE,100,TRUE
44,721,FALSE,FALSE,100,TRUE
45,722,FALSE,FALSE,100,TRUE
49,723,FALSE,FALSE,100,TRUE
50,724,FALSE,FALSE,100,TRUE
51,725,FALSE,FALSE,100,TRUE
55,726,FALSE,FALSE,100,TRUE
56,727,FALSE,FALSE,100,TRUE
57,728,FALSE,FALSE,100,TRUE
61,729,FALSE,FALSE,100,TRUE
62,730,FALSE,FALSE,100,TRUE
63,731,FALSE,FALSE,100,TRUE
67,732,FALSE,FALSE,100,TRUE
68,733,FALSE,FALSE,100,TRUE
69,734,FALSE,FALSE,100,TRUE
37,735,FALSE,FALSE,100,TRUE
38,736,FALSE,FALSE,100,TRUE
39,737,FALSE,FALSE,100,TRUE
43,738,FALSE,FALSE,100,TRUE
44,739,FALSE,FALSE,100,TRUE
45,740,FALSE,FALSE,100,TRUE
49,741,FALSE,FALSE,100,TRUE
50,742,FALSE,FALSE,100,TRUE
51,743,FALSE,FALSE,100,TRUE
55,744,FALSE,FALSE,100,TRUE
56,745,FALSE,FALSE,100,TRUE
57,746,FALSE,FALSE,100,TRUE
61,747,FALSE,FALSE,100,TRUE
62,748,FALSE,FALSE,100,TRUE
63,749,FALSE,FALSE,100,TRUE
67,750,FALSE,FALSE,100,TRUE
68,751,FALSE,FALSE,100,TRUE
69,752,FALSE,FALSE,100,TRUE
37,753,FALSE,FALSE,100,TRUE
38,754,FALSE,FALSE,100,TRUE
39,755,FALSE,FALSE,100,TRUE
43,756,FALSE,FALSE,100,TRUE
44,757,FALSE,FALSE,100,TRUE
45,758,FALSE,FALSE,100,TRUE
49,759,FALSE,FALSE,100,TRUE
50,760,FALSE,FALSE,100,TRUE
51,761,FALSE,FALSE,100,TRUE
55,762,FALSE,FALSE,100,TRUE
56,763,FALSE,FALSE,100,TRUE
57,764,FALSE,FALSE,100,TRUE
61,765,FALSE,FALSE,100,TRUE
62,766,FALSE,FALSE,100,TRUE
63,767,FALSE,FALSE,100,TRUE
67,768,FALSE,FALSE,100,TRUE
68,769,FALSE,FALSE,100,TRUE
69,770,FALSE,FALSE,100,TRUE
37,771,FALSE,FALSE,100,TRUE
38,772,FALSE,FALSE,100,TRUE
39,773,FALSE,FALSE,100,TRUE
43,774,FALSE,FALSE,100,TRUE
44,775,FALSE,FALSE,100,TRUE
45,776,FALSE,FALSE,100,TRUE
49,777,FALSE,FALSE,100,TRUE
50,778,FALSE,FALSE,100,TRUE
51,779,FALSE,FALSE,100,TRUE
55,780,FALSE,FALSE,100,TRUE
56,781,FALSE,FALSE,100,TRUE
57,782,FALSE,FALSE,100,TRUE
61,783,FALSE,FALSE,100,TRUE
62,784,FALSE,FALSE,100,TRUE
63,785,FALSE,FALSE,100,TRUE
67,786,FALSE,FALSE,100,TRUE
68,787,FALSE,FALSE,100,TRUE
69,788,FALSE,FALSE,100,TRUE
37,789,FALSE,FALSE,100,TRUE
38,790,FALSE,FALSE,100,TRUE
39,791,FALSE,FALSE,100,TRUE
43,792,FALSE,FALSE,100,TRUE
44,793,FALSE,FALSE,100,TRUE
45,794,FALSE,FALSE,100,TRUE
49,795,FALSE,FALSE,100,TRUE
50,796,FALSE,FALSE,100,TRUE
51,797,FALSE,FALSE,100,TRUE
55,798,FALSE,FALSE,100,TRUE
56,799,FALSE,FALSE,100,TRUE
57,800,FALSE,FALSE,100,TRUE
61,801,FALSE,FALSE,100,TRUE
62,802,FALSE,FALSE,100,TRUE
63,803,FALSE,FALSE,100,TRUE
67,804,FALSE,FALSE,100,TRUE
68,805,FALSE,FALSE,100,TRUE
69,806,FALSE,FALSE,100,TRUE
37,807,FALSE,FALSE,100,TRUE
38,808,FALSE,FALSE,100,TRUE
39,809,FALSE,FALSE,100,TRUE
43,810,FALSE,FALSE,100,TRUE
44,811,FALSE,FALSE,100,TRUE
45,812,FALSE,FALSE,100,TRUE
49,813,FALSE,FALSE,100,TRUE
50,814,FALSE,FALSE,100,TRUE
51,815,FALSE,FALSE,100,TRUE
55,816,FALSE,FALSE,100,TRUE
56,817,FALSE,FALSE,100,TRUE
57,818,FALSE,FALSE,100,TRUE
61,819,FALSE,FALSE,100,TRUE
62,820,FALSE,FALSE,100,TRUE
63,821,FALSE,FALSE,100,TRUE
67,822,FALSE,FALSE,100,TRUE
68,823,FALSE,FALSE,100,TRUE
69,824,FALSE,FALSE,100,TRUE
37,825,FALSE,FALSE,100,TRUE
38,826,FALSE,FALSE,100,TRUE
39,827,FALSE,FALSE,100,TRUE
43,828,FALSE,FALSE,100,TRUE
44,829,FALSE,FALSE,100,TRUE
45,830,FALSE,FALSE,100,TRUE
49,831,FALSE,FALSE,100,TRUE
50,832,FALSE,FALSE,100,TRUE
51,833,FALSE,FALSE,100,TRUE
55,834,FALSE,FALSE,100,TRUE
56,835,FALSE,FALSE,100,TRUE
57,836,FALSE,FALSE,100,TRUE
61,837,FALSE,FALSE,100,TRUE
62,838,FALSE,FALSE,100,TRUE
63,839,FALSE,FALSE,100,TRUE
67,840,FALSE,FALSE,100,TRUE
68,841,FALSE,FALSE,100,TRUE
69,842,FALSE,FALSE,100,TRUE
37,843,FALSE,FALSE,100,TRUE
38,844,FALSE,FALSE,100,TRUE
39,845,FALSE,FALSE,100,TRUE
43,846,FALSE,FALSE,100,TRUE
44,847,FALSE,FALSE,100,TRUE
45,848,FALSE,FALSE,100,TRUE
49,849,FALSE,FALSE,100,TRUE
50,850,FALSE,FALSE,100,TRUE
51,851,FALSE,FALSE,100,TRUE
55,852,FALSE,FALSE,100,TRUE
56,853,FALSE,FALSE,100,TRUE
57,854,FALSE,FALSE,100,TRUE
61,855,FALSE,FALSE,100,TRUE
62,856,FALSE,FALSE,100,TRUE
63,857,FALSE,FALSE,100,TRUE
67,858,FALSE,FALSE,100,TRUE
68,859,FALSE,FALSE,100,TRUE
69,860,FALSE,FALSE,100,TRUE
37,861,FALSE,FALSE,100,TRUE
38,862,FALSE,FALSE,100,TRUE
39,863,FALSE,FALSE,100,TRUE
43,864,FALSE,FALSE,100,TRUE
44,865,FALSE,FALSE,100,TRUE
45,866,FALSE,FALSE,100,TRUE
49,867,FALSE,FALSE,100,TRUE
50,868,FALSE,FALSE,100,TRUE
51,869,FALSE,FALSE,100,TRUE
55,870,FALSE,FALSE,100,TRUE
56,871,FALSE,FALSE,100,TRUE
57,872,FALSE,FALSE,100,TRUE
61,873,FALSE,FALSE,100,TRUE
62,874,FALSE,FALSE,100,TRUE
63,875,FALSE,FALSE,100,TRUE
67,876,FALSE,FALSE,100,TRUE
68,877,FALSE,FALSE,100,TRUE
69,878,FALSE,FALSE,100,TRUE
37,879,FALSE,FALSE,100,TRUE
38,880,FALSE,FALSE,100,TRUE
39,881,FALSE,FALSE,100,TRUE
43,882,FALSE,FALSE,100,TRUE
44,883,FALSE,FALSE,100,TRUE
45,884,FALSE,FALSE,100,TRUE
49,885,FALSE,FALSE,100,TRUE
50,886,FALSE,FALSE,100,TRUE
51,887,FALSE,FALSE,100,TRUE
55,888,FALSE,FALSE,100,TRUE
56,889,FALSE,FALSE,100,TRUE
57,890,FALSE,FALSE,100,TRUE
61,891,FALSE,FALSE,100,TRUE
62,892,FALSE,FALSE,100,TRUE
63,893,FALSE,FALSE,100,TRUE
67,894,FALSE,FALSE,100,TRUE
68,895,FALSE,FALSE,100,TRUE
69,896,FALSE,FALSE,100,TRUE
37,897,FALSE,FALSE,100,TRUE
38,898,FALSE,FALSE,100,TRUE
39,899,FALSE,FALSE,100,TRUE
43,900,FALSE,FALSE,100,TRUE
44,901,FALSE,FALSE,100,TRUE
45,902,FALSE,FALSE,100,TRUE
49,903,FALSE,FALSE,100,TRUE
50,904,FALSE,FALSE,100,TRUE
51,905,FALSE,FALSE,100,TRUE
55,906,FALSE,FALSE,100,TRUE
56,907,FALSE,FALSE,100,TRUE
57,908,FALSE,FALSE,100,TRUE
61,909,FALSE,FALSE,100,TRUE
62,910,FALSE,FALSE,100,TRUE
63,911,FALSE,FALSE,100,TRUE
67,912,FALSE,FALSE,100,TRUE
68,913,FALSE,FALSE,100,TRUE
69,914,FALSE,FALSE,100,TRUE
37,915,FALSE,FALSE,100,TRUE
38,916,FALSE,FALSE,100,TRUE
39,917,FALSE,FALSE,100,TRUE
43,918,FALSE,FALSE,100,TRUE
44,919,FALSE,FALSE,100,TRUE
45,920,FALSE,FALSE,100,TRUE
49,921,FALSE,FALSE,100,TRUE
50,922,FALSE,FALSE,100,TRUE
51,923,FALSE,FALSE,100,TRUE
55,924,FALSE,FALSE,100,TRUE
56,925,FALSE,FALSE,100,TRUE
57,926,FALSE,FALSE,100,TRUE
61,927,FALSE,FALSE,100,TRUE
62,928,FALSE,FALSE,100,TRUE
63,929,FALSE,FALSE,100,TRUE
67,930,FALSE,FALSE,100,TRUE
68,931,FALSE,FALSE,100,TRUE
69,932,FALSE,FALSE,100,TRUE
37,933,FALSE,FALSE,100,TRUE
38,934,FALSE,FALSE,100,TRUE
39,935,FALSE,FALSE,100,TRUE
43,936,FALSE,FALSE,100,TRUE
44,937,FALSE,FALSE,100,TRUE
45,938,FALSE,FALSE,100,TRUE
49,939,FALSE,FALSE,100,TRUE
50,940,FALSE,FALSE,100,TRUE
51,941,FALSE,FALSE,100,TRUE
55,942,FALSE,FALSE,100,TRUE
56,943,FALSE,FALSE,100,TRUE
57,944,FALSE,FALSE,100,TRUE
61,945,FALSE,FALSE,100,TRUE
62,946,FALSE,FALSE,100,TRUE
63,947,FALSE,FALSE,100,TRUE
67,948,FALSE,FALSE,100,TRUE
68,949,FALSE,FALSE,100,TRUE
69,950,FALSE,FALSE,100,TRUE
37,951,FALSE,FALSE,100,TRUE
38,952,FALSE,FALSE,100,TRUE
39,953,FALSE,FALSE,100,TRUE
43,954,FALSE,FALSE,100,TRUE
44,955,FALSE,FALSE,100,TRUE
45,956,FALSE,FALSE,100,TRUE
49,957,FALSE,FALSE,100,TRUE
50,958,FALSE,FALSE,100,TRUE
51,959,FALSE,FALSE,100,TRUE
55,960,FALSE,FALSE,100,TRUE
56,961,FALSE,FALSE,100,TRUE
57,962,FALSE,FALSE,100,TRUE
61,963,FALSE,FALSE,100,TRUE
62,964,FALSE,FALSE,100,TRUE
63,965,FALSE,FALSE,100,TRUE
67,966,FALSE,FALSE,100,TRUE
68,967,FALSE,FALSE,100,TRUE
69,968,FALSE,FALSE,100,TRUE
37,969,FALSE,FALSE,100,TRUE
38,970,FALSE,FALSE,100,TRUE
39,971,FALSE,FALSE,100,TRUE
43,972,FALSE,FALSE,100,TRUE
44,973,FALSE,FALSE,100,TRUE
45,974,FALSE,FALSE,100,TRUE
49,975,FALSE,FALSE,100,TRUE
50,976,FALSE,FALSE,100,TRUE
51,977,FALSE,FALSE,100,TRUE
55,978,FALSE,FALSE,100,TRUE
56,979,FALSE,FALSE,100,TRUE
57,980,FALSE,FALSE,100,TRUE
61,981,FALSE,FALSE,100,TRUE
62,982,FALSE,FALSE,100,TRUE
63,983,FALSE,FALSE,100,TRUE
67,984,FALSE,FALSE,100,TRUE
68,985,FALSE,FALSE,100,TRUE
69,986,FALSE,FALSE,100,TRUE
37,987,FALSE,FALSE,100,TRUE
38,988,FALSE,FALSE,100,TRUE
39,989,FALSE,FALSE,100,TRUE
43,990,FALSE,FALSE,100,TRUE
44,991,FALSE,FALSE,100,TRUE
45,992,FALSE,FALSE,100,TRUE
49,993,FALSE,FALSE,100,TRUE
50,994,FALSE,FALSE,100,TRUE
51,995,FALSE,FALSE,100,TRUE
55,996,FALSE,FALSE,100,TRUE
56,997,FALSE,FALSE,100,TRUE
57,998,FALSE,FALSE,100,TRUE
61,999,FALSE,FALSE,100,TRUE
62,1000,FALSE,FALSE,100,TRUE
76,501,TRUE,FALSE,100,TRUE
77,502,TRUE,FALSE,100,TRUE
78,503,TRUE,FALSE,100,TRUE
82,504,TRUE,FALSE,100,TRUE
83,505,TRUE,FALSE,100,TRUE
84,506,TRUE,FALSE,100,TRUE
88,507,TRUE,FALSE,100,TRUE
89,508,TRUE,FALSE,100,TRUE
90,509,TRUE,FALSE,100,TRUE
94,510,TRUE,FALSE,100,TRUE
95,511,TRUE,FALSE,100,TRUE
96,512,TRUE,FALSE,100,TRUE
100,513,TRUE,FALSE,100,TRUE
101,514,TRUE,FALSE,100,TRUE
102,515,TRUE,FALSE,100,TRUE
106,516,TRUE,FALSE,100,TRUE
17,517,TRUE,FALSE,100,TRUE
108,518,TRUE,FALSE,100,TRUE
76,519,FALSE,TRUE,100,TRUE
77,520,FALSE,TRUE,100,TRUE
78,521,FALSE,TRUE,100,TRUE
82,522,FALSE,TRUE,100,TRUE
83,523,FALSE,TRUE,100,TRUE
84,524,FALSE,TRUE,100,TRUE
88,525,FALSE,TRUE,100,TRUE
89,526,FALSE,TRUE,100,TRUE
90,527,FALSE,TRUE,100,TRUE
94,528,FALSE,TRUE,100,TRUE
95,529,FALSE,TRUE,100,TRUE
96,530,FALSE,TRUE,100,TRUE
100,531,FALSE,TRUE,100,TRUE
101,532,FALSE,TRUE,100,TRUE
102,533,FALSE,TRUE,100,TRUE
106,534,FALSE,TRUE,100,TRUE
17,535,FALSE,TRUE,100,TRUE
108,536,FALSE,TRUE,100,TRUE
76,537,FALSE,FALSE,100,TRUE
77,538,FALSE,FALSE,100,TRUE
78,539,FALSE,FALSE,100,TRUE
82,540,FALSE,FALSE,100,TRUE
83,541,FALSE,FALSE,100,TRUE
84,542,FALSE,FALSE,100,TRUE
88,543,FALSE,FALSE,100,TRUE
89,544,FALSE,FALSE,100,TRUE
90,545,FALSE,FALSE,100,TRUE
94,546,FALSE,FALSE,100,TRUE
95,547,FALSE,FALSE,100,TRUE
96,548,FALSE,FALSE,100,TRUE
100,549,FALSE,FALSE,100,TRUE
101,550,FALSE,FALSE,100,TRUE
102,551,FALSE,FALSE,100,TRUE
106,552,FALSE,FALSE,100,TRUE
17,553,FALSE,FALSE,100,TRUE
108,554,FALSE,FALSE,100,TRUE
76,555,FALSE,FALSE,100,TRUE
77,556,FALSE,FALSE,100,TRUE
78,557,FALSE,FALSE,100,TRUE
82,558,FALSE,FALSE,100,TRUE
83,559,FALSE,FALSE,100,TRUE
84,560,FALSE,FALSE,100,TRUE
88,561,FALSE,FALSE,100,TRUE
89,562,FALSE,FALSE,100,TRUE
90,563,FALSE,FALSE,100,TRUE
94,564,FALSE,FALSE,100,TRUE
95,565,FALSE,FALSE,100,TRUE
96,566,FALSE,FALSE,100,TRUE
100,567,FALSE,FALSE,100,TRUE
101,568,FALSE,FALSE,100,TRUE
102,569,FALSE,FALSE,100,TRUE
106,570,FALSE,FALSE,100,TRUE
17,571,FALSE,FALSE,100,TRUE
108,572,FALSE,FALSE,100,TRUE
76,573,FALSE,FALSE,100,TRUE
77,574,FALSE,FALSE,100,TRUE
78,575,FALSE,FALSE,100,TRUE
82,576,FALSE,FALSE,100,TRUE
83,577,FALSE,FALSE,100,TRUE
84,578,FALSE,FALSE,100,TRUE
88,579,FALSE,FALSE,100,TRUE
89,580,FALSE,FALSE,100,TRUE
90,581,FALSE,FALSE,100,TRUE
94,582,FALSE,FALSE,100,TRUE
95,583,FALSE,FALSE,100,TRUE
96,584,FALSE,FALSE,100,TRUE
100,585,FALSE,FALSE,100,TRUE
101,586,FALSE,FALSE,100,TRUE
102,587,FALSE,FALSE,100,TRUE
106,588,FALSE,FALSE,100,TRUE
17,589,FALSE,FALSE,100,TRUE
108,590,FALSE,FALSE,100,TRUE
76,591,FALSE,FALSE,100,TRUE
77,592,FALSE,FALSE,100,TRUE
78,593,FALSE,FALSE,100,TRUE
82,594,FALSE,FALSE,100,TRUE
83,595,FALSE,FALSE,100,TRUE
84,596,FALSE,FALSE,100,TRUE
88,597,FALSE,FALSE,100,TRUE
89,598,FALSE,FALSE,100,TRUE
90,599,FALSE,FALSE,100,TRUE
94,600,FALSE,FALSE,100,TRUE
95,601,FALSE,FALSE,100,TRUE
96,602,FALSE,FALSE,100,TRUE
100,603,FALSE,FALSE,100,TRUE
101,604,FALSE,FALSE,100,TRUE
102,605,FALSE,FALSE,100,TRUE
106,606,FALSE,FALSE,100,TRUE
17,607,FALSE,FALSE,100,TRUE
108,608,FALSE,FALSE,100,TRUE
76,609,FALSE,FALSE,100,TRUE
77,610,FALSE,FALSE,100,TRUE
78,611,FALSE,FALSE,100,TRUE
82,612,FALSE,FALSE,100,TRUE
83,613,FALSE,FALSE,100,TRUE
84,614,FALSE,FALSE,100,TRUE
88,615,FALSE,FALSE,100,TRUE
89,616,FALSE,FALSE,100,TRUE
90,617,FALSE,FALSE,100,TRUE
94,618,FALSE,FALSE,100,TRUE
95,619,FALSE,FALSE,100,TRUE
96,620,FALSE,FALSE,100,TRUE
100,621,FALSE,FALSE,100,TRUE
101,622,FALSE,FALSE,100,TRUE
102,623,FALSE,FALSE,100,TRUE
106,624,FALSE,FALSE,100,TRUE
17,625,FALSE,FALSE,100,TRUE
108,626,FALSE,FALSE,100,TRUE
76,627,FALSE,FALSE,100,TRUE
77,628,FALSE,FALSE,100,TRUE
78,629,FALSE,FALSE,100,TRUE
82,630,FALSE,FALSE,100,TRUE
83,631,FALSE,FALSE,100,TRUE
84,632,FALSE,FALSE,100,TRUE
88,633,FALSE,FALSE,100,TRUE
89,634,FALSE,FALSE,100,TRUE
90,635,FALSE,FALSE,100,TRUE
94,636,FALSE,FALSE,100,TRUE
95,637,FALSE,FALSE,100,TRUE
96,638,FALSE,FALSE,100,TRUE
100,639,FALSE,FALSE,100,TRUE
101,640,FALSE,FALSE,100,TRUE
102,641,FALSE,FALSE,100,TRUE
106,642,FALSE,FALSE,100,TRUE
17,643,FALSE,FALSE,100,TRUE
108,644,FALSE,FALSE,100,TRUE
76,645,FALSE,FALSE,100,TRUE
77,646,FALSE,FALSE,100,TRUE
78,647,FALSE,FALSE,100,TRUE
82,648,FALSE,FALSE,100,TRUE
83,649,FALSE,FALSE,100,TRUE
84,650,FALSE,FALSE,100,TRUE
88,651,FALSE,FALSE,100,TRUE
89,652,FALSE,FALSE,100,TRUE
90,653,FALSE,FALSE,100,TRUE
94,654,FALSE,FALSE,100,TRUE
95,655,FALSE,FALSE,100,TRUE
96,656,FALSE,FALSE,100,TRUE
100,657,FALSE,FALSE,100,TRUE
101,658,FALSE,FALSE,100,TRUE
102,659,FALSE,FALSE,100,TRUE
106,660,FALSE,FALSE,100,TRUE
17,661,FALSE,FALSE,100,TRUE
108,662,FALSE,FALSE,100,TRUE
76,663,FALSE,FALSE,100,TRUE
77,664,FALSE,FALSE,100,TRUE
78,665,FALSE,FALSE,100,TRUE
82,666,FALSE,FALSE,100,TRUE
83,667,FALSE,FALSE,100,TRUE
84,668,FALSE,FALSE,100,TRUE
88,669,FALSE,FALSE,100,TRUE
89,670,FALSE,FALSE,100,TRUE
90,671,FALSE,FALSE,100,TRUE
94,672,FALSE,FALSE,100,TRUE
95,673,FALSE,FALSE,100,TRUE
96,674,FALSE,FALSE,100,TRUE
100,675,FALSE,FALSE,100,TRUE
101,676,FALSE,FALSE,100,TRUE
102,677,FALSE,FALSE,100,TRUE
106,678,FALSE,FALSE,100,TRUE
17,679,FALSE,FALSE,100,TRUE
108,680,FALSE,FALSE,100,TRUE
76,681,FALSE,FALSE,100,TRUE
77,682,FALSE,FALSE,100,TRUE
78,683,FALSE,FALSE,100,TRUE
82,684,FALSE,FALSE,100,TRUE
83,685,FALSE,FALSE,100,TRUE
84,686,FALSE,FALSE,100,TRUE
88,687,FALSE,FALSE,100,TRUE
89,688,FALSE,FALSE,100,TRUE
90,689,FALSE,FALSE,100,TRUE
94,690,FALSE,FALSE,100,TRUE
95,691,FALSE,FALSE,100,TRUE
96,692,FALSE,FALSE,100,TRUE
100,693,FALSE,FALSE,100,TRUE
101,694,FALSE,FALSE,100,TRUE
102,695,FALSE,FALSE,100,TRUE
106,696,FALSE,FALSE,100,TRUE
17,697,FALSE,FALSE,100,TRUE
108,698,FALSE,FALSE,100,TRUE
76,699,FALSE,FALSE,100,TRUE
77,700,FALSE,FALSE,100,TRUE
78,701,FALSE,FALSE,100,TRUE
82,702,FALSE,FALSE,100,TRUE
83,703,FALSE,FALSE,100,TRUE
84,704,FALSE,FALSE,100,TRUE
88,705,FALSE,FALSE,100,TRUE
89,706,FALSE,FALSE,100,TRUE
90,707,FALSE,FALSE,100,TRUE
94,708,FALSE,FALSE,100,TRUE
95,709,FALSE,FALSE,100,TRUE
96,710,FALSE,FALSE,100,TRUE
100,711,FALSE,FALSE,100,TRUE
101,712,FALSE,FALSE,100,TRUE
102,713,FALSE,FALSE,100,TRUE
106,714,FALSE,FALSE,100,TRUE
17,715,FALSE,FALSE,100,TRUE
108,716,FALSE,FALSE,100,TRUE
76,717,FALSE,FALSE,100,TRUE
77,718,FALSE,FALSE,100,TRUE
78,719,FALSE,FALSE,100,TRUE
82,720,FALSE,FALSE,100,TRUE
83,721,FALSE,FALSE,100,TRUE
84,722,FALSE,FALSE,100,TRUE
88,723,FALSE,FALSE,100,TRUE
89,724,FALSE,FALSE,100,TRUE
90,725,FALSE,FALSE,100,TRUE
94,726,FALSE,FALSE,100,TRUE
95,727,FALSE,FALSE,100,TRUE
96,728,FALSE,FALSE,100,TRUE
100,729,FALSE,FALSE,100,TRUE
101,730,FALSE,FALSE,100,TRUE
102,731,FALSE,FALSE,100,TRUE
106,732,FALSE,FALSE,100,TRUE
17,733,FALSE,FALSE,100,TRUE
108,734,FALSE,FALSE,100,TRUE
76,735,FALSE,FALSE,100,TRUE
77,736,FALSE,FALSE,100,TRUE
78,737,FALSE,FALSE,100,TRUE
82,738,FALSE,FALSE,100,TRUE
83,739,FALSE,FALSE,100,TRUE
84,740,FALSE,FALSE,100,TRUE
88,741,FALSE,FALSE,100,TRUE
89,742,FALSE,FALSE,100,TRUE
90,743,FALSE,FALSE,100,TRUE
94,744,FALSE,FALSE,100,TRUE
95,745,FALSE,FALSE,100,TRUE
96,746,FALSE,FALSE,100,TRUE
100,747,FALSE,FALSE,100,TRUE
101,748,FALSE,FALSE,100,TRUE
102,749,FALSE,FALSE,100,TRUE
106,750,FALSE,FALSE,100,TRUE
17,751,FALSE,FALSE,100,TRUE
108,752,FALSE,FALSE,100,TRUE
76,753,FALSE,FALSE,100,TRUE
77,754,FALSE,FALSE,100,TRUE
78,755,FALSE,FALSE,100,TRUE
82,756,FALSE,FALSE,100,TRUE
83,757,FALSE,FALSE,100,TRUE
84,758,FALSE,FALSE,100,TRUE
88,759,FALSE,FALSE,100,TRUE
89,760,FALSE,FALSE,100,TRUE
90,761,FALSE,FALSE,100,TRUE
94,762,FALSE,FALSE,100,TRUE
95,763,FALSE,FALSE,100,TRUE
96,764,FALSE,FALSE,100,TRUE
100,765,FALSE,FALSE,100,TRUE
101,766,FALSE,FALSE,100,TRUE
102,767,FALSE,FALSE,100,TRUE
106,768,FALSE,FALSE,100,TRUE
17,769,FALSE,FALSE,100,TRUE
108,770,FALSE,FALSE,100,TRUE
76,771,FALSE,FALSE,100,TRUE
77,772,FALSE,FALSE,100,TRUE
78,773,FALSE,FALSE,100,TRUE
82,774,FALSE,FALSE,100,TRUE
83,775,FALSE,FALSE,100,TRUE
84,776,FALSE,FALSE,100,TRUE
88,777,FALSE,FALSE,100,TRUE
89,778,FALSE,FALSE,100,TRUE
90,779,FALSE,FALSE,100,TRUE
94,780,FALSE,FALSE,100,TRUE
95,781,FALSE,FALSE,100,TRUE
96,782,FALSE,FALSE,100,TRUE
100,783,FALSE,FALSE,100,TRUE
101,784,FALSE,FALSE,100,TRUE
102,785,FALSE,FALSE,100,TRUE
106,786,FALSE,FALSE,100,TRUE
17,787,FALSE,FALSE,100,TRUE
108,788,FALSE,FALSE,100,TRUE
76,789,FALSE,FALSE,100,TRUE
77,790,FALSE,FALSE,100,TRUE
78,791,FALSE,FALSE,100,TRUE
82,792,FALSE,FALSE,100,TRUE
83,793,FALSE,FALSE,100,TRUE
84,794,FALSE,FALSE,100,TRUE
88,795,FALSE,FALSE,100,TRUE
89,796,FALSE,FALSE,100,TRUE
90,797,FALSE,FALSE,100,TRUE
94,798,FALSE,FALSE,100,TRUE
95,799,FALSE,FALSE,100,TRUE
96,800,FALSE,FALSE,100,TRUE
100,801,FALSE,FALSE,100,TRUE
101,802,FALSE,FALSE,100,TRUE
102,803,FALSE,FALSE,100,TRUE
106,804,FALSE,FALSE,100,TRUE
17,805,FALSE,FALSE,100,TRUE
108,806,FALSE,FALSE,100,TRUE
76,807,FALSE,FALSE,100,TRUE
77,808,FALSE,FALSE,100,TRUE
78,809,FALSE,FALSE,100,TRUE
82,810,FALSE,FALSE,100,TRUE
83,811,FALSE,FALSE,100,TRUE
84,812,FALSE,FALSE,100,TRUE
88,813,FALSE,FALSE,100,TRUE
89,814,FALSE,FALSE,100,TRUE
90,815,FALSE,FALSE,100,TRUE
94,816,FALSE,FALSE,100,TRUE
95,817,FALSE,FALSE,100,TRUE
96,818,FALSE,FALSE,100,TRUE
100,819,FALSE,FALSE,100,TRUE
101,820,FALSE,FALSE,100,TRUE
102,821,FALSE,FALSE,100,TRUE
106,822,FALSE,FALSE,100,TRUE
17,823,FALSE,FALSE,100,TRUE
108,824,FALSE,FALSE,100,TRUE
76,825,FALSE,FALSE,100,TRUE
77,826,FALSE,FALSE,100,TRUE
78,827,FALSE,FALSE,100,TRUE
82,828,FALSE,FALSE,100,TRUE
83,829,FALSE,FALSE,100,TRUE
84,830,FALSE,FALSE,100,TRUE
88,831,FALSE,FALSE,100,TRUE
89,832,FALSE,FALSE,100,TRUE
90,833,FALSE,FALSE,100,TRUE
94,834,FALSE,FALSE,100,TRUE
95,835,FALSE,FALSE,100,TRUE
96,836,FALSE,FALSE,100,TRUE
100,837,FALSE,FALSE,100,TRUE
101,838,FALSE,FALSE,100,TRUE
102,839,FALSE,FALSE,100,TRUE
106,840,FALSE,FALSE,100,TRUE
17,841,FALSE,FALSE,100,TRUE
108,842,FALSE,FALSE,100,TRUE
76,843,FALSE,FALSE,100,TRUE
77,844,FALSE,FALSE,100,TRUE
78,845,FALSE,FALSE,100,TRUE
82,846,FALSE,FALSE,100,TRUE
83,847,FALSE,FALSE,100,TRUE
84,848,FALSE,FALSE,100,TRUE
88,849,FALSE,FALSE,100,TRUE
89,850,FALSE,FALSE,100,TRUE
90,851,FALSE,FALSE,100,TRUE
94,852,FALSE,FALSE,100,TRUE
95,853,FALSE,FALSE,100,TRUE
96,854,FALSE,FALSE,100,TRUE
100,855,FALSE,FALSE,100,TRUE
101,856,FALSE,FALSE,100,TRUE
102,857,FALSE,FALSE,100,TRUE
106,858,FALSE,FALSE,100,TRUE
17,859,FALSE,FALSE,100,TRUE
108,860,FALSE,FALSE,100,TRUE
76,861,FALSE,FALSE,100,TRUE
77,862,FALSE,FALSE,100,TRUE
78,863,FALSE,FALSE,100,TRUE
82,864,FALSE,FALSE,100,TRUE
83,865,FALSE,FALSE,100,TRUE
84,866,FALSE,FALSE,100,TRUE
88,867,FALSE,FALSE,100,TRUE
89,868,FALSE,FALSE,100,TRUE
90,869,FALSE,FALSE,100,TRUE
94,870,FALSE,FALSE,100,TRUE
95,871,FALSE,FALSE,100,TRUE
96,872,FALSE,FALSE,100,TRUE
100,873,FALSE,FALSE,100,TRUE
101,874,FALSE,FALSE,100,TRUE
102,875,FALSE,FALSE,100,TRUE
106,876,FALSE,FALSE,100,TRUE
17,877,FALSE,FALSE,100,TRUE
108,878,FALSE,FALSE,100,TRUE
76,879,FALSE,FALSE,100,TRUE
77,880,FALSE,FALSE,100,TRUE
78,881,FALSE,FALSE,100,TRUE
82,882,FALSE,FALSE,100,TRUE
83,883,FALSE,FALSE,100,TRUE
84,884,FALSE,FALSE,100,TRUE
88,885,FALSE,FALSE,100,TRUE
89,886,FALSE,FALSE,100,TRUE
90,887,FALSE,FALSE,100,TRUE
94,888,FALSE,FALSE,100,TRUE
95,889,FALSE,FALSE,100,TRUE
96,890,FALSE,FALSE,100,TRUE
100,891,FALSE,FALSE,100,TRUE
101,892,FALSE,FALSE,100,TRUE
102,893,FALSE,FALSE,100,TRUE
106,894,FALSE,FALSE,100,TRUE
17,895,FALSE,FALSE,100,TRUE
108,896,FALSE,FALSE,100,TRUE
76,897,FALSE,FALSE,100,TRUE
77,898,FALSE,FALSE,100,TRUE
78,899,FALSE,FALSE,100,TRUE
82,900,FALSE,FALSE,100,TRUE
83,901,FALSE,FALSE,100,TRUE
84,902,FALSE,FALSE,100,TRUE
88,903,FALSE,FALSE,100,TRUE
89,904,FALSE,FALSE,100,TRUE
90,905,FALSE,FALSE,100,TRUE
94,906,FALSE,FALSE,100,TRUE
95,907,FALSE,FALSE,100,TRUE
96,908,FALSE,FALSE,100,TRUE
100,909,FALSE,FALSE,100,TRUE
101,910,FALSE,FALSE,100,TRUE
102,911,FALSE,FALSE,100,TRUE
106,912,FALSE,FALSE,100,TRUE
17,913,FALSE,FALSE,100,TRUE
108,914,FALSE,FALSE,100,TRUE
76,915,FALSE,FALSE,100,TRUE
77,916,FALSE,FALSE,100,TRUE
78,917,FALSE,FALSE,100,TRUE
82,918,FALSE,FALSE,100,TRUE
83,919,FALSE,FALSE,100,TRUE
84,920,FALSE,FALSE,100,TRUE
88,921,FALSE,FALSE,100,TRUE
89,922,FALSE,FALSE,100,TRUE
90,923,FALSE,FALSE,100,TRUE
94,924,FALSE,FALSE,100,TRUE
95,925,FALSE,FALSE,100,TRUE
96,926,FALSE,FALSE,100,TRUE
100,927,FALSE,FALSE,100,TRUE
101,928,FALSE,FALSE,100,TRUE
102,929,FALSE,FALSE,100,TRUE
106,930,FALSE,FALSE,100,TRUE
17,931,FALSE,FALSE,100,TRUE
108,932,FALSE,FALSE,100,TRUE
76,933,FALSE,FALSE,100,TRUE
77,934,FALSE,FALSE,100,TRUE
78,935,FALSE,FALSE,100,TRUE
82,936,FALSE,FALSE,100,TRUE
83,937,FALSE,FALSE,100,TRUE
84,938,FALSE,FALSE,100,TRUE
88,939,FALSE,FALSE,100,TRUE
89,940,FALSE,FALSE,100,TRUE
90,941,FALSE,FALSE,100,TRUE
94,942,FALSE,FALSE,100,TRUE
95,943,FALSE,FALSE,100,TRUE
96,944,FALSE,FALSE,100,TRUE
100,945,FALSE,FALSE,100,TRUE
101,946,FALSE,FALSE,100,TRUE
102,947,FALSE,FALSE,100,TRUE
106,948,FALSE,FALSE,100,TRUE
17,949,FALSE,FALSE,100,TRUE
108,950,FALSE,FALSE,100,TRUE
76,951,FALSE,FALSE,100,TRUE
77,952,FALSE,FALSE,100,TRUE
78,953,FALSE,FALSE,100,TRUE
82,954,FALSE,FALSE,100,TRUE
83,955,FALSE,FALSE,100,TRUE
84,956,FALSE,FALSE,100,TRUE
88,957,FALSE,FALSE,100,TRUE
89,958,FALSE,FALSE,100,TRUE
90,959,FALSE,FALSE,100,TRUE
94,960,FALSE,FALSE,100,TRUE
95,961,FALSE,FALSE,100,TRUE
96,962,FALSE,FALSE,100,TRUE
100,963,FALSE,FALSE,100,TRUE
101,964,FALSE,FALSE,100,TRUE
102,965,FALSE,FALSE,100,TRUE
106,966,FALSE,FALSE,100,TRUE
17,967,FALSE,FALSE,100,TRUE
108,968,FALSE,FALSE,100,TRUE
76,969,FALSE,FALSE,100,TRUE
77,970,FALSE,FALSE,100,TRUE
78,971,FALSE,FALSE,100,TRUE
82,972,FALSE,FALSE,100,TRUE
83,973,FALSE,FALSE,100,TRUE
84,974,FALSE,FALSE,100,TRUE
88,975,FALSE,FALSE,100,TRUE
89,976,FALSE,FALSE,100,TRUE
90,977,FALSE,FALSE,100,TRUE
94,978,FALSE,FALSE,100,TRUE
95,979,FALSE,FALSE,100,TRUE
96,980,FALSE,FALSE,100,TRUE
100,981,FALSE,FALSE,100,TRUE
101,982,FALSE,FALSE,100,TRUE
102,983,FALSE,FALSE,100,TRUE
106,984,FALSE,FALSE,100,TRUE
17,985,FALSE,FALSE,100,TRUE
108,986,FALSE,FALSE,100,TRUE
76,987,FALSE,FALSE,100,TRUE
77,988,FALSE,FALSE,100,TRUE
78,989,FALSE,FALSE,100,TRUE
82,990,FALSE,FALSE,100,TRUE
83,991,FALSE,FALSE,100,TRUE
84,992,FALSE,FALSE,100,TRUE
88,993,FALSE,FALSE,100,TRUE
89,994,FALSE,FALSE,100,TRUE
90,995,FALSE,FALSE,100,TRUE
94,996,FALSE,FALSE,100,TRUE
95,997,FALSE,FALSE,100,TRUE
96,998,FALSE,FALSE,100,TRUE
100,999,FALSE,FALSE,100,TRUE
101,1000,FALSE,FALSE,100,TRUE