name,course_number,credit_hours,semester_id,monday,tuesday,wednesday,thursday,friday,start_time,end_time,subject,location,description,capacity,enrollment_open
Greenlam,DZS-0554,5,14,false,true,false,true,true,10:49 AM,2:48 PM,Duobam,true,Jemgpeykkdzqmlgjuhejsoitpqgmqiunzvpbkamafhgvhxjdh.,53,true
Otcom,UAW-3042,4,31,false,false,false,false,false,5:49 PM,9:49 AM,Pannier,false,Ddmgppgaamhjfaokikhrvmluwckedyfutgylfhxetfugrvsxp.,62,true
Veribet,YLQ-6326,3,80,true,true,true,false,false,12:20 PM,11:14 AM,Zathin,false,Mfsnaxremighokvjvhrloemminljrfgxbgrfaxkqbfmylplzv.,99,true
Sonair,YMG-6535,4,48,true,true,false,false,true,3:02 PM,11:43 AM,Home Ing,true,Vzwhasahxdyiptbjfsezahiluxwhdpdmqphbqkzwclwhlovsw.,93,true
Stronghold,LNO-6629,1,85,true,false,true,false,true,2:58 PM,1:46 PM,Hatity,false,Cylotrvrduuxocxlohekezygxcjuorvqtvpnlzyxshlnrjlhm.,31,true
Bigtax,HTU-4160,3,69,false,true,false,false,true,1:52 PM,5:40 PM,Toughjoyfax,false,Pmfuhonmmffirltsrfiawabltgezgfggufffoaljyexaoesqa.,11,true
Bitwolf,LPG-2243,1,62,true,false,false,true,false,9:22 AM,9:26 AM,Ronstring,true,Trhgzupiabxrpqrncivdykjveiqwklahzieilbkvlhpqnvwew.,56,true
Konklab,JGT-2788,1,22,true,false,true,true,true,10:35 AM,9:07 AM,Stim,false,Civxrxgnxknhfygyfwuduvejeuoyovwoykllocibxnhrjwavb.,8,false
Sonsing,YMN-2901,1,18,false,false,true,true,false,5:31 PM,11:04 AM,Latlux,true,Gdrfgjmcozswhqxuouhaqxnyzhqyijbyzjzplevtsngitjwwa.,86,false
Tempsoft,ZIL-1318,5,55,true,false,false,false,false,8:36 AM,8:03 PM,Viva,true,Echwzttwztgzewcktoqzgolgtvjahgumsppjfmmtmsghlartz.,96,true
Latlux,OTE-2152,2,4,false,false,true,false,true,4:15 PM,3:35 PM,Stim,true,Soeaxwwkbovxfovrwnkzqugsgpytocojykwngtrcaokoqtqhe.,20,true
Alphazap,ETN-9753,4,92,false,true,false,true,false,6:18 PM,5:41 PM,Tampflex,false,Drlluvptfpixbrfcfwrunredrnyqjhlrrsshvnpvuqpfusrpb.,75,false
Zathin,WCN-6423,4,44,true,false,true,true,true,1:28 PM,6:05 PM,Stringtough,true,Bvdmlpzlfimcoyywwfawwnhaybiwjeszqncrvzrnxwxjhqzwl.,27,false
Rank,PDC-1318,1,51,false,false,false,false,false,4:23 PM,7:29 PM,Zathin,false,Rjzqhydozauqajypjdqwzunnjrkwqwjramsequrstfxghcfqt.,46,false
Stim,ICF-7066,5,8,false,true,true,true,false,8:12 AM,9:29 AM,Stronghold,true,Asnwexuumfsjyosrhorikuznbcpfqyxltfvdtccqqnvrfhysh.,100,true
Toughjoyfax,MLO-0183,1,22,false,false,false,false,true,3:14 PM,9:46 AM,Kanlam,true,Vxojurizfrmncilkpfjebhqialersbtmghlcgqfyzmflevgca.,13,true
Trippledex,RIE-4887,2,90,false,true,true,false,false,6:56 PM,1:48 PM,Viva,false,Ybvitxxvpwmfzqvrwpoxxhhxrhidihgnksljqjewumfyahgzd.,99,false
Tempsoft,GLH-0599,2,16,false,false,true,false,false,3:58 PM,3:39 PM,Quo Lux,true,Wgvdwjrcfgwwicykdrppstcecxzjmnqlbshxptxvcfylftqym.,77,true
Stringtough,DRR-1370,5,12,true,true,true,true,false,9:13 AM,5:29 PM,Flowdesk,false,Nnhelrabmmktuuxuxcuhalguljaobyalzrwxrqiwjoqxconcp.,6,true
Ventosanzap,YZT-2774,4,25,false,true,true,false,true,3:10 PM,5:02 PM,Voltsillam,false,Zknukjploujwkzgqipemkcsgcbbarfgtsssljxiztadmjabjy.,14,true
Konklux,WPT-9711,4,49,true,false,false,true,false,4:11 PM,10:31 AM,Tresom,false,Ewslfvvxdmaofpogyylrdjrwerzohghssvcbursrmydcagoic.,89,true
Tres-Zap,TSX-5798,4,91,true,false,true,false,true,12:22 PM,4:22 PM,Zaam-Dox,false,Tdnzpoqzjnhqhewqdpqcffmphokciqbjsbrdohbrecciwggyn.,83,true
Span,QSM-0423,1,49,false,false,false,false,false,4:11 PM,11:06 AM,Sonair,true,Hbuzfgqbjyiivxbooljkfiahgesryqezizdsudunnyisksbbo.,3,false
Home Ing,PRJ-6202,4,35,true,false,false,false,false,12:52 PM,4:15 PM,Lotlux,true,Jmmnfnmrsebrrkizimddbuvemriqydurwnnwhmkwbqgkqhziw.,78,false
Tin,VLY-0442,2,2,false,false,true,true,false,4:51 PM,12:22 PM,Zaam-Dox,true,Bjeozfflbzjxcacnglfzeuqwgiyervzidecceasudlxivjqyo.,86,false
Y-Solowarm,YRC-7082,1,60,true,true,false,true,false,4:10 PM,4:23 PM,Vagram,true,Dffkpepexdrciktwkmrtefoepevgdvinpknzycquhcgyspxxb.,87,false
Home Ing,EEQ-5729,2,55,false,true,true,true,true,4:34 PM,9:31 AM,Vagram,false,Elrtnfmgunrbhkjfajnkjmjybuueleotscmgbbbpgueddwdth.,65,false
Alphazap,ZDT-2315,3,7,true,false,false,true,false,10:08 AM,2:55 PM,Wrapsafe,true,Vjnldpfuaqhveeekcqmqumazdfprdsmdmxotxdigtmwdhuook.,81,true
Rank,CRZ-4319,3,61,true,true,true,true,false,11:01 AM,10:23 AM,Stronghold,true,Dgdocfmyxrldscaskovuzlrchamlwclflikrosmrjzsicyotp.,76,false
Quo Lux,IWS-0487,5,59,false,false,false,false,false,11:51 AM,3:15 PM,Flexidy,true,Vsorqlnfjxvgwzbgrfmndsnvwekwjhjikdbiomzkrsqnicdhx.,78,false
Ventosanzap,OBG-9290,2,87,false,true,false,false,true,8:40 AM,8:40 PM,Solarbreeze,true,Hmmfamgkhcegviigejgrkrortbjvkxzvkggdaazowqgiljpem.,21,false
Bytecard,SPI-0542,1,80,true,false,true,false,true,7:31 PM,10:03 AM,Zontrax,true,Uzaposrxcvknqobhiljxoglvwrrrwxgaggsnksoveucgmfibz.,20,false
Voltsillam,ZGK-1508,5,20,false,true,true,false,false,12:49 PM,1:14 PM,Flowdesk,false,Qftxufiouhlfbgrqovqtpfmldravtjudsseoeiboykdbtklon.,76,true
Gembucket,HNA-1828,1,83,true,false,true,false,false,12:07 PM,2:44 PM,Trippledex,true,Bkhrzkimmgxrzyuluyryzqzxbwdxrikezljlruegmapshnoln.,53,true
Bytecard,MFD-0249,1,71,false,false,true,false,true,5:13 PM,12:10 PM,Tin,false,Htzcnsijrgnoadcezfeqrlagidgcdustnisjpcnsybegmoyux.,32,false
Rank,LLU-7524,4,91,true,false,false,true,false,5:39 PM,4:27 PM,Bitwolf,true,Wptbxzhqvzemxkqwdgtcixxmojcvvbtwkjpivdgsoupyrirtg.,69,true
Fix San,HYV-0219,3,14,false,true,false,false,false,3:08 PM,1:21 PM,Fintone,true,Omypfhbvrkedmcrlbunuytwlaiqmcioldnkikxpofzqtruztr.,42,true
Veribet,UON-4692,5,87,false,false,false,false,false,10:35 AM,12:41 PM,Matsoft,false,Eqfovuavhsvqqnbaqycnmlarzcmayoygakgbglymtyrsfsbzu.,47,true
Bitwolf,AQH-3398,4,25,false,true,true,false,false,10:37 AM,4:25 PM,Pannier,true,Aiknxnvsiojdqbhtjkzusxzwqtffpjlgplfvezdcjrlgxbvoo.,15,false
Zathin,EER-4201,1,28,true,false,true,true,false,2:59 PM,1:18 PM,Voltsillam,true,Karllwrklffnsdvykwngkaparzcbtnkgzgalupqklbelumsjg.,2,false
Solarbreeze,KJY-2866,3,11,false,true,true,false,true,11:26 AM,3:25 PM,Subin,false,Azvudyganhnzbmiycibhwkpwslveqxbbptvntqltvrlqvigda.,32,true
Kanlam,LQC-9072,5,18,false,true,true,false,false,5:49 PM,10:50 AM,Konklux,true,Qqeejtsnlrlukyoixleauecaxulyfpkcigawobcrequjasmvz.,22,true
Asoka,AKS-5881,1,99,true,true,true,true,true,7:39 PM,6:33 PM,Solarbreeze,true,Eygphyetseuyydorxjmabjwtxjkyescrskfryebidaaueerdg.,24,true
Holdlamis,QBA-2502,2,92,false,true,false,true,false,6:45 PM,3:23 PM,Bitchip,false,Iudiwbhfvhdcqkixypzzmbgdumifsupqvypfaferntqnyjjij.,65,false
Job,ZBS-3770,5,42,false,true,true,false,true,10:50 AM,4:05 PM,Sub-Ex,false,Uoupncqcjmnanazavrpyqtuoyhzcxulcvwagujfruvhdlsira.,12,true
Toughjoyfax,NFV-2474,2,12,true,true,true,true,false,3:18 PM,9:46 AM,Latlux,false,Jvruiwelhjwoxqnhhoqoehgvstdziwsxuczioufnelcfjitag.,65,true
Matsoft,KOB-9728,5,74,false,true,false,true,false,12:41 PM,11:48 AM,Overhold,false,Wevysupbgmtwbqbgujuxluckfvemuyoxhzelsxdpqmfkfvemo.,45,true
Zamit,DGZ-1944,3,56,false,true,true,false,true,3:13 PM,3:51 PM,Cardify,false,Goaukzfbvalxkkgdwiriixrateopfbquzczllmypfgjcqdbqm.,34,true
Flexidy,NBU-0172,5,94,true,true,false,false,false,10:53 AM,4:04 PM,Job,true,Fpnnurmolkjwtggloijugffljfgjpgywavmkhopxjsfvecxih.,28,false
Y-Solowarm,MVD-6236,2,28,false,true,false,false,true,2:10 PM,10:45 AM,Vagram,false,Bwhbevukoyagslyoemyyjconpdxkyrvjtjctaacgsyvwzptgy.,10,true
Daltfresh,VIM-7039,2,79,true,false,true,true,true,11:48 AM,9:12 AM,Zathin,false,Ekvngvcrzcdliwzzazhynosvaivnqrihhlvruaffbnqbpmlev.,75,true
Wrapsafe,RUY-7740,3,7,true,true,true,true,true,5:15 PM,12:20 PM,Tin,false,Opfeqgibozkrbphkudsokiwpqjgidvlunaxusauhqtyxsxllq.,53,true
Keylex,CZD-3159,1,57,true,false,true,false,true,5:24 PM,2:31 PM,Sonsing,true,Livwenszpzcarjbrxttkxdpekbeysujmhwclntmnzywsrhcfv.,78,false
Stronghold,IRB-4446,4,93,true,false,false,false,false,4:06 PM,8:10 PM,Viva,false,Jjattvgzztvmgbilfgkzwymebqvqwlrnikzbvravidurgldbv.,71,true
Cardify,SYQ-5365,2,13,true,true,false,true,true,11:20 AM,11:49 AM,Veribet,false,Xsaheuofycttekywnpkdfhbcjtilltlilvgwgjdqrdngucihv.,40,true
Duobam,OVD-4148,4,77,false,false,true,false,true,6:06 PM,12:37 PM,Duobam,false,Llsrjfhwvloezehuyminyglnguhxdmpzqufguyjqsmzmrirsl.,61,true
Fix San,CLL-5063,4,50,false,true,true,false,false,4:32 PM,1:00 PM,Latlux,true,Hbcmrqyackxsrsjxcqrnjcjjwyvmswljppndpdikifstflecz.,85,true
Opela,GTL-1289,4,74,true,true,true,false,true,8:29 AM,4:30 PM,Bamity,false,Jhbltvdsmvuowcacyggslygunoshamrneoqfgdgijmrdxknxf.,100,true
Holdlamis,EOA-2258,2,25,true,false,true,true,true,10:59 AM,6:21 PM,Opela,false,Zsupmwppbjgqlknlzgtxowbvcwegpbdltebridhxottadzbgp.,6,true
Lotstring,YUL-9928,4,82,true,false,false,false,false,9:07 AM,4:50 PM,Konklab,true,Fpjzwxzxprmoynkmrxjfalzcqejmtijicyybtwgdblempnndn.,56,false
Transcof,UGR-0701,4,34,true,true,true,true,true,9:30 AM,7:48 PM,Bitwolf,false,Kfvbnkinihhkysrjxwlkteqzmnfvmmriveafjfmliykwuxxfc.,84,true
Cardguard,VGP-2630,4,35,false,false,false,true,true,12:11 PM,10:06 AM,Duobam,true,Fyoudwtmrnsmnkjifipovgaxpkppcixqgdjxkilpsahztkvqs.,94,false
Holdlamis,LFF-3149,4,19,false,true,false,true,false,5:52 PM,6:39 PM,Gembucket,false,Hnopznuaaxzgdqvtfxxexmwgldzaiqqaureuhxyklqbbasdue.,30,false
Veribet,WBQ-5321,5,44,false,true,false,true,true,9:37 AM,7:34 PM,Bitwolf,false,Xanefmsjnatjcdnidioyvsfvsoxbcpmsdrdiothvrtmikqare.,83,false
Lotlux,ION-6102,3,80,false,false,true,false,true,12:53 PM,11:38 AM,Bytecard,true,Hdwppciglxysttdtexmkmxkgwjjurjwfmcquqmkjqzooztrjx.,1,false
It,SKF-5584,5,79,false,false,true,true,true,1:20 PM,3:34 PM,Span,false,Gpvfkdwczqriekyoafbrlqyryzdzlwpmhsgignpumlsqfjcuc.,38,true
Temp,XJR-7293,1,25,false,false,true,true,true,2:32 PM,7:15 PM,Bytecard,true,Yxyiuxoqxyahvegufzvopwakapuwljbibunzrvjyauetnzysf.,4,true
Bitchip,YAL-2990,5,89,false,true,false,false,true,3:31 PM,4:20 PM,Y-Solowarm,true,Latuqkcvwuakrerdufvpgszurzqwxpjjeojzgrrimsrlkfwjb.,53,false
Solarbreeze,MYK-3423,3,14,true,true,true,false,true,11:01 AM,12:59 PM,Tresom,true,Oectagblcswskmtktjlzyxqkutnfnclwbgfccueuefwuxlwaf.,64,true
Duobam,AGD-9536,3,100,false,true,false,true,false,5:58 PM,12:44 PM,Alphazap,true,Xbrtvqpkhwpijjiavzlnqtvjzsqhcfxbhuhowicystvtexnkw.,57,false
Tres-Zap,PXU-2255,1,87,false,false,false,true,false,12:12 PM,8:29 PM,Bamity,false,Kpljotqzfxoqqvufhjvjnckiscfvaxhnjrlhqucqlcydphijg.,67,true
Daltfresh,GRZ-5970,1,32,true,false,true,false,false,8:14 AM,7:29 PM,Home Ing,true,Nusmbrsvflwirottqkdbyeggkfhbydsvjdrnkatybciblmced.,14,false
Konklab,PKA-9818,3,22,true,true,false,false,true,10:36 AM,10:37 AM,Daltfresh,false,Wgokkwnwzswdmfmhljzwxqqtohxahxblqmymetvjdxjotsywo.,66,true
Konklux,MRB-5585,4,81,false,true,false,true,false,10:32 AM,12:14 PM,Ronstring,false,Ypgazybuzxhbnfrkbaiwtzdwkzoxjzjwaznxzkblirqjpxmgr.,7,true
Zaam-Dox,RCH-6355,4,10,false,true,false,true,true,4:43 PM,7:36 PM,Rank,false,Vsnxoszrijyhywojugfzsvspvtfampnjznpslzbdmewueravm.,12,false
Lotlux,DGS-9777,4,17,false,false,true,false,false,11:20 AM,4:37 PM,Zoolab,true,Dnmozgxkxoprsgwhbxsspbacfcdnnudssxbbfynqczcxnputk.,94,true
Stringtough,EAN-9035,5,54,true,true,false,false,false,5:24 PM,7:53 PM,Job,false,Cwsspffjcjwwyqtoiegjdueagehotufvwnitgbdamhdytyxol.,20,true
Hatity,AXF-2521,1,22,false,false,false,true,true,4:52 PM,10:17 AM,Lotstring,false,Bnapmuwjmicdwfeubqvvoibsvsojukkkpqrdexxhbonypdblg.,68,false
Stronghold,GNO-7611,1,13,false,true,false,false,true,9:17 AM,12:21 PM,Prodder,true,Jisglowvqmtvfzrwaswhzkgtqwtysoimzcfgwmuodsamjkgty.,69,false
Bitwolf,KHT-2885,5,100,false,false,true,true,true,6:57 PM,7:03 PM,Gembucket,false,Scxdxaawjbtfuvhwedgvqjnnhmtmyurgqaeehaasgzekhgisb.,14,false
Temp,UAL-6318,3,44,false,false,false,false,true,5:24 PM,9:27 AM,Zontrax,false,Jpwwmcjobcqvmzkfquztrxmdwdrsagthbsonxgjzifeafhnmv.,1,false
Flowdesk,RMR-6206,2,31,false,false,false,false,true,7:46 PM,3:24 PM,Asoka,true,Sikwlqfodtbzkxzvjfmbaujcsmrzvlelqjcgwemyoqarzdkfr.,74,false
Stronghold,FLK-6122,1,35,false,false,true,false,false,9:04 AM,5:16 PM,Wrapsafe,false,Xhzrmvugeparbpncnotuzjxwbqlrsjtnnxdoqiqyurbgajhax.,28,true
Daltfresh,IIX-4542,1,40,false,true,true,true,false,12:53 PM,1:39 PM,Opela,false,Jsylqeqwuyrttzamehvjfyewbxximfxeaimpijqamccvpphqw.,10,false
Y-Solowarm,HJC-0779,4,23,true,true,true,true,false,3:03 PM,2:22 PM,Tampflex,true,Cgdfpamecrzugxcesgfypumjrfpucucgtbnliuudlqfoszybv.,50,false
Stronghold,GZX-8037,1,54,true,false,false,true,true,10:33 AM,4:18 PM,Subin,true,Qkcbvuofozcmfqoxlnxjmbiypglngcompbgyhxkkstpvpanga.,42,false
Ventosanzap,CUE-1899,4,1,true,false,true,true,false,3:01 PM,10:23 AM,Holdlamis,false,Vqybxautojymisgtnmusadnwgfkwrspuyahatwtrlomlpdual.,78,true
Otcom,YTN-1944,1,25,true,false,true,true,false,8:52 AM,9:55 AM,Voyatouch,true,Ciasdaeonpkmylnovjsvaewudtxttkmutkhgimdbchguzrqdp.,74,false
Sub-Ex,HPU-6119,1,10,false,true,true,false,true,10:54 AM,4:02 PM,Y-find,false,Puciqitycoatoltgwthasgteokdfplaxholgxyrovmcmaquur.,70,true
Tampflex,OEW-8304,3,96,false,true,true,false,false,2:12 PM,5:33 PM,Sonsing,true,Duygymootnmaeanfjahdqwhmhhiskcezshxkwrxyuvkoedgvn.,96,false
Tresom,VXY-3032,1,77,false,true,true,false,true,8:31 AM,3:15 PM,Bigtax,false,Dwkzfypwfatqrjmzbwgrayxvcesxlnfhrcprtjhxegthxkzxe.,61,false
Otcom,SJB-1751,5,15,false,true,true,false,false,1:16 PM,8:31 PM,Zathin,false,Nbeatpgwlkrojpptqljgdipwnuoymlftdwbjhqzvvudjbayas.,2,false
Trippledex,LOV-7690,3,57,false,false,true,false,true,3:23 PM,6:38 PM,Trippledex,false,Uivjefilslmnhkvtuxostlrgpnnnmhtsfsyftsubifvwzgwld.,25,false
It,DUL-3848,5,5,true,false,false,true,false,3:51 PM,2:13 PM,It,false,Zkjcgotxfiortkfxjqspohgfccygpokpwgtrrubworqbdfgkh.,81,true
Quo Lux,KGE-4563,3,25,true,false,false,true,true,8:45 AM,4:39 PM,Span,false,Zpztmoplzqnljyyyktyjntrngzzudxudwguveogdbbfadvmwj.,43,false
Latlux,UTT-3765,4,37,false,false,true,true,true,8:16 AM,12:17 PM,Konklab,false,Utfoioltkvuqootvgnikxactnefudyvvcsmaxjqjjiyzzbzrs.,38,false
Ventosanzap,CSN-1187,1,75,true,true,true,false,true,7:16 PM,5:26 PM,Kanlam,true,Voyuzyumanyefapegvwlyarzdimkpglxtgshjqlpdfbcrnvhx.,63,false
Y-find,PLT-6306,5,37,false,true,false,true,true,5:45 PM,3:04 PM,Hatity,true,Jzmalhtaqpogtxbinbxjtzgdwxgilxpymdqvshpdprxisgmcv.,74,true
Voyatouch,YJT-8735,3,5,false,false,false,false,false,11:07 AM,3:53 PM,Regrant,false,Orkhnhhbzbtgmgxmjjerxbhviewlxjloahtffqenppioyudwq.,45,false
Duobam,KHK-4478,3,4,false,true,true,false,false,9:54 AM,8:47 PM,Zoolab,true,Purnigmawldfmchwcxipthnhzdqhuohncpzrjskfbvsjmimot.,7,false
Treeflex,ZAN-0634,4,16,true,false,true,true,false,6:43 PM,11:44 AM,Ventosanzap,false,Ocherowfsqshufmduyokpkgvrsctelockevueaimskijnbnkt.,44,false
Konklab,RQF-1894,1,70,false,true,false,false,false,9:14 AM,3:02 PM,Temp,true,Nmgdqznjeyosrlwqhcjwnqoojjusaootzlzklvpqhqbjvcvaf.,31,false
Bitchip,VQB-3325,3,22,true,true,true,true,false,6:18 PM,8:55 PM,Job,true,Hsymkgdyjlplpbdmxlticoxucprjzqafohmtbdzkmcacmvsbg.,75,true
Duobam,FZO-8157,1,7,true,true,false,false,true,11:50 AM,5:38 PM,Konklab,false,Vwpwhopcexzdoonvzzsqeadnounkbjtrqfndsudjvhptcxhfy.,50,false
Gembucket,SPW-4070,3,37,false,false,true,false,true,7:18 PM,9:41 AM,Cardguard,true,Soagwndizkxgdljkwcddmwyecqqdhmmcpuodxdzuxyxjxsevk.,16,true
Solarbreeze,LHM-1170,4,19,true,false,true,false,true,1:05 PM,8:20 PM,Regrant,true,Wrsqoalxofgpkurelrvwudgjndxgciptgwapetakenoznjvdf.,89,true
Veribet,AIX-0467,2,73,true,true,false,false,true,4:32 PM,12:54 PM,Tres-Zap,false,Lpotbgzsxefxtlrqzemagmnkugrfqaugxiznyluhawopiyxmd.,63,false
Voyatouch,ECK-1890,4,5,false,false,false,true,true,1:27 PM,11:26 AM,Latlux,false,Ljgjhlsqamnmabavximbtwnjkryxnkwxpfutshhlzsjpuklzh.,71,false
Namfix,TLY-4389,1,54,true,true,false,true,true,2:34 PM,7:55 PM,Daltfresh,false,Zhdstwadodsjpuuhdaicxwagzhmdqgoswgievvxbbhzdtisbj.,98,true
Mat Lam Tam,VOA-5877,1,4,true,true,false,true,true,1:39 PM,9:09 AM,Konklux,true,Yuuftguevwcqsrhayrqspfahcvsrnvkxctehjdwlhlbllwbly.,36,false
Tresom,TLQ-8540,3,94,false,true,true,false,false,1:01 PM,7:47 PM,Bitchip,false,Jajskkraqdwtycjnbrguqvtkfexypqaohlihitalqaudniftd.,73,true
Tresom,LYO-9995,3,100,true,true,false,false,false,8:37 AM,4:11 PM,Mat Lam Tam,true,Qmrvkhwqfmhvnjibqbbpvcgiqijuntydlzwvwezbpzcscrank.,61,true
Kanlam,OEH-2867,1,47,true,false,false,false,false,5:18 PM,8:47 PM,Treeflex,false,Bozvbuosrazdwuqbbadfdilgzyzufgpofttopgyrassvjnfse.,15,false
Subin,NAP-2670,2,51,true,true,true,false,true,11:32 AM,5:56 PM,Job,true,Yjjcuetwddsljyasvnxshxbmohtmtjbczdeoydqbvkznmgghn.,50,true
Ventosanzap,QFD-9362,2,73,false,true,true,false,false,8:22 AM,10:07 AM,Fintone,false,Vcncgzxyiwxkojbkpbuychkgonbpzvaymddtukhaisvaukrhm.,73,true
Biodex,BXA-8268,5,18,false,false,true,true,true,4:13 PM,9:58 AM,Sonair,true,Hmanbohamnsoklsdvkyakciylgruqgezhmrkmzdarohdzgbks.,23,false
Bamity,JHQ-1703,4,41,true,false,false,true,true,2:52 PM,12:10 PM,Voyatouch,false,Oxtqgbccjyjrdcbuscvjxsgqnkludhyaqzmacaknslaczwwnj.,88,true
Zathin,KPY-8982,2,99,true,true,false,false,false,11:33 AM,1:58 PM,Tresom,false,Msizaapcumfsobevqsbgtvijqqjodwnqlxkpfdbpbvgiiwebp.,91,true
Lotlux,POL-6907,4,15,false,true,false,false,false,7:21 PM,10:20 AM,Tempsoft,false,Ncxyalimhaafwngpeswdifnbqsgtpjmafmisgykmgvxayfste.,87,true
Stronghold,REJ-4074,2,4,false,false,false,false,true,5:34 PM,3:30 PM,Tin,true,Mbopafmgjgelmxaakingqbbctruojorphagamezuxztgoarxo.,1,false
Lotstring,LIZ-5313,4,50,true,false,false,false,true,12:14 PM,4:19 PM,Domainer,false,Qgdndkmflpcoacybubvoumwhykunoktyicmlkdbclgrhduvxc.,90,false
Wrapsafe,DCJ-0312,4,24,false,false,true,false,true,1:44 PM,9:41 AM,Duobam,true,Hcjgufwkygpjyovkkacogyhxcwivdakadbtigqsyxeokbqjyw.,91,true
Zontrax,JEK-3488,2,89,true,true,true,true,true,4:22 PM,1:14 PM,Voltsillam,true,Wmbkhhoxzzjkekuvpbozhxserlwscuivbjodvojuhlhbggvrm.,94,true
Temp,EUV-0811,4,91,false,false,true,true,true,10:39 AM,5:31 PM,Keylex,false,Bbdudjcmzhmizdyezzlxsisyuhsnadqmrmgcqknqiwbfwyfpe.,91,false
Zaam-Dox,FWT-2459,5,26,true,true,true,true,false,11:15 AM,4:06 PM,Span,true,Zwxittfdpsgikibhmvclanozbozmdrkcnynewystzkksmwsjq.,79,false
Home Ing,LDE-8205,3,20,false,false,true,true,false,3:04 PM,7:00 PM,Konklux,false,Rfjdatltikhhlcqbolvtyxapmonmlkpslpfozutwmpxtuaknu.,96,true
Zaam-Dox,DEM-1226,3,70,true,true,true,true,false,1:12 PM,12:00 PM,Prodder,true,Stlkmooephphtzytidlsrbkiuvtpcoxgztaxojchxnknhxqta.,33,false
Duobam,GIG-8103,3,91,false,true,true,false,false,10:31 AM,1:11 PM,Cookley,false,Iwrwyqevcjmubfbnbdffowslykkexzzkdcgslxbmjzbkrgigk.,34,false
Tempsoft,TKN-3659,4,87,true,false,true,false,false,8:27 AM,5:37 PM,Home Ing,false,Dzzelknqjnfjjvvkqspeaoivcqldwcunvekarcmfjqywdiogb.,77,false
Tresom,VGA-6256,4,2,true,false,true,false,false,8:20 AM,8:33 PM,Temp,false,Xndshsszxcvdnskjianddqvrwrajuzanfxjflhpumqyuqrokf.,29,false
Bamity,GXU-3626,1,7,false,true,true,true,true,5:44 PM,6:49 PM,Cardguard,true,Bewbsgypolaogsjekbceksgqhusafbnyqktlauswcimfkioku.,52,true
Sub-Ex,BUG-9592,2,34,false,true,true,true,true,8:44 AM,11:05 AM,Andalax,false,Nskonioqmwvwmvlllxrcghhmklmvxwnqxgsenipecqtzqypii.,3,true
Otcom,QJP-4863,2,74,true,true,false,false,false,8:37 AM,1:22 PM,Matsoft,true,Tawpiswppjayrfmpyejifwicgrfxxcyhmkqajetfqoyutlntu.,96,true
Cardify,ASP-1325,2,15,false,false,false,true,false,1:16 PM,8:36 PM,Cookley,true,Igvuijvsgcolqghgjdgxsobnapoesastqcffnpfgjqxbkofrx.,43,false
Subin,GFK-7642,5,90,false,false,true,true,false,6:55 PM,5:55 PM,Zathin,false,Fzlilocqsfutjojnzlczgmceaqkbrablhfagabjaqikhsifma.,33,false
Home Ing,BMK-4490,4,35,true,true,true,false,false,9:44 AM,4:30 PM,Fixflex,true,Gorzlnsrljpqutgoasrgedhrzgnzenruanksahnihjpmfqjvo.,36,false
Y-find,YWS-4391,4,30,false,false,true,false,true,9:15 AM,11:38 AM,Sonair,false,Jlulalbyrvaoglaxvedyjyepvgaugqorpfcbpulxurmwuidgx.,1,true
Hatity,THA-9042,5,53,false,true,false,true,false,2:40 PM,11:12 AM,Home Ing,true,Gohvdqxdrwqnbbdmecndbjogawmasdbrizkcghqukziqdsuve.,83,true
Tin,BKK-7780,1,84,false,true,false,true,true,10:14 AM,4:24 PM,Subin,true,Lnmxlzgkuffyzsglbfjyyupalxdaeeuleavlxqjgubppimiea.,31,true
Ronstring,YPU-8426,1,77,false,false,false,false,true,10:57 AM,1:10 PM,Flowdesk,false,Roilmavbtmoiqujahygnauhgumxseajqwhuvxwuigpjpegzib.,23,false
Lotlux,KCK-5856,2,78,false,true,false,false,true,4:15 PM,11:34 AM,Holdlamis,true,Xdolzttiyfoetgelfaiilmjvkbkknjqgpkxntmswwwkguiwol.,31,false
Stim,WSV-3663,1,55,false,true,false,true,true,3:56 PM,11:12 AM,Vagram,true,Ozgqtdnabbpclwaeumyldqshgtzaoahxejitkzzjyiflsmfdy.,41,false
Zoolab,LEX-8408,2,10,true,false,false,false,true,2:41 PM,10:55 AM,Stringtough,true,Idhgdvsqhkxxxnpfrpvjmyfaxyheciivrraiqofzuyeiyhsau.,51,false
Opela,IRJ-7558,4,72,true,false,true,true,true,12:35 PM,5:22 PM,Greenlam,true,Lwgpbbczmnbrchdidmkmrsrnfwpnzezrdgbpzzwnlfiuxnyxb.,30,true
Alphazap,ANO-2632,2,88,true,false,true,false,true,11:33 AM,10:20 AM,Trippledex,false,Awazfqiblnshxenznhgdpvbxwdlxvvvdlxhcsydhnmumbprrz.,84,true
Aerified,ZLE-3042,1,98,true,true,false,true,true,8:44 AM,5:51 PM,Sonair,false,Lvnkinaofpwjvvnsuxzhxagcxfxgjhjtagthukmtfnsfqjlme.,33,true
Stronghold,AWX-4500,4,3,true,false,false,false,true,4:50 PM,9:15 AM,Sonsing,false,Qvivdxsuqfxpzwwmiwaoxxpgnvzztswzadpahnkgkmkqemdii.,91,true
Tampflex,WBV-7457,4,50,true,true,false,true,false,8:47 AM,5:11 PM,Zontrax,true,Svsttvgugktniyrncybufhzpjnhekevtwschkopofjkxzqqzs.,26,false
Stim,CTB-1413,3,11,false,true,false,false,true,6:28 PM,10:22 AM,Veribet,true,Xcqeontgkvmxznnlaayhmdtzaqgphwmbnmopqhgjgnzktcqwl.,15,true
Otcom,IVO-4186,3,93,false,false,false,true,false,4:40 PM,4:44 PM,Biodex,true,Ymkjpucggubiggyaicsdmkuruvqisxjgkhtotakbwltujwuzl.,41,true
Zaam-Dox,CDC-2837,1,36,false,true,false,false,true,4:27 PM,5:01 PM,Sonair,false,Uywxstlzrlksqbbnanlwyztaklylfktomvertwwletbuxbyiy.,15,true
Tin,LDU-5433,3,36,false,false,false,false,false,4:59 PM,1:50 PM,Subin,true,Rtgvujpjcfxxjvetmbsccgytdmiwezpawnlletovdftizyuri.,31,false
Zoolab,PDZ-1658,4,87,false,false,false,false,false,11:47 AM,5:48 PM,Hatity,true,Vfjlyadzupjftgqeqeqhlaoprqmztezrajgplxnyuuibrezor.,6,true
Transcof,CSB-6884,2,45,false,false,true,true,true,3:57 PM,2:05 PM,Opela,true,Tgigjmxuszbkvndeowllxqqtuczsophwfigaapjuhhacumgtr.,45,true
Stronghold,SUP-7528,3,57,true,true,true,false,false,3:43 PM,3:18 PM,Cookley,false,Uuhihpxioxarusrdykrjwkcmwcvfermwyxeqaebhtvmbomadh.,2,false
Zoolab,WEC-8837,4,27,false,false,true,true,false,8:08 AM,5:00 PM,Alpha,true,Jfrahdskesqlqrkmrkeevvqfnqqoysgbcvtmdeaggljbnaflz.,28,true
Aerified,BUH-8566,1,46,true,true,true,true,true,1:53 PM,12:07 PM,Sub-Ex,false,Irvjgznwprgwxhlferrloaramaodpfgosgmqeazvsiumzdvzk.,2,true
Overhold,DKK-8387,1,80,true,false,false,false,false,3:40 PM,6:46 PM,Pannier,true,Vvjktohwkcolehsaltaigunqifzojjxfnpsguftrtoqbazvkp.,24,false
Asoka,IGF-3785,3,28,true,true,true,true,true,2:53 PM,7:52 PM,Andalax,false,Nrmrmwebidvfsakivzpwaaxbyhdolkjraudsxumsfluewpdpx.,81,true
Asoka,WHA-6464,5,100,true,false,true,true,true,11:41 AM,8:40 PM,Fixflex,false,Vtpdeimzkrkpgorjunpuelpybvnqigfrpwhjixtffwiphoxkw.,88,false
Quo Lux,YBJ-0973,4,19,false,false,false,false,true,1:33 PM,11:39 AM,Bytecard,false,Dmksxjvheplvuvukvjcducawmebinskklrgorfusgestpcndc.,39,true
Veribet,IZU-3059,1,83,true,true,false,false,false,3:40 PM,8:42 PM,Namfix,false,Jqtojrrtnpeccvnotwzwmqkbkwlfafzbtleeekcysbrsgauxo.,96,true
Zamit,LBF-6878,4,24,true,false,false,true,false,2:26 PM,6:56 PM,Stronghold,true,Cieuaxsiddvzcejyboxebnluxdjybgsohuicxrkjigfqilahh.,33,true
Stim,WPS-6679,2,17,true,false,true,true,false,9:58 AM,12:27 PM,Daltfresh,true,Dojiasdinzfwdkrgwbqvazwztlykietxqgccsoajxvtsiocze.,29,false
Zontrax,KAB-4984,3,83,true,false,false,true,false,6:31 PM,8:22 PM,Lotlux,true,Ietgxvgxszggexlwnycuwlzakbwrqmenqustjbqtnrtegenxj.,22,true
Zamit,SXN-1382,3,80,true,true,false,true,false,5:16 PM,7:07 PM,Span,false,Cypzgmenjfzgntehdwwbvckrkjqtpywxusinnhtyyylbsnjwe.,16,false
Konklab,IHR-9228,2,75,true,false,true,true,true,4:43 PM,11:01 AM,Sub-Ex,true,Dgtbyhseghnnsnaatffadlsitorotaxopqrhidpkaakzzraqy.,96,false
Redhold,KIS-9471,4,71,true,true,false,true,false,1:47 PM,10:53 AM,Cardify,true,Qhvvrqonacahoquywgcwzgnmqxfcpqsilhnwtcbugxyeioubc.,84,false
Stim,MCS-2523,3,72,true,true,false,true,false,7:42 PM,2:00 PM,Flexidy,true,Gcpfozuakwbrzdnljqabnyivbxmoltxarcebvmmosuqitkwew.,23,true
Andalax,ZBW-3617,3,31,true,true,false,false,true,5:33 PM,7:56 PM,Latlux,false,Gdwbuvsoexuhqcldcpoxskluhfcyybxkutcgseqfegjajapwb.,39,true
Job,BPA-9644,1,63,true,true,false,false,false,12:38 PM,9:01 AM,Bamity,true,Pqcrxucasnlmbjfzgacwcejhbnvprmwixlipeycmeawluwpox.,51,true
Home Ing,KPC-0761,5,62,false,true,false,false,false,2:00 PM,4:32 PM,Overhold,true,Wckfrfvscvdffewheaalqayhyptajpewyavnwryduiptnxmph.,10,true
Temp,FXO-7526,2,58,true,true,true,false,true,3:43 PM,7:29 PM,Treeflex,false,Ptdwaxiouuipdirgrgngonxtkaydkeloyannrteaqocvczejm.,24,false
Bitwolf,UGH-2360,2,42,false,false,false,false,true,12:08 PM,1:07 PM,Tresom,true,Qcdiagmoijaswyanwrpfrmadhrxfsyigzmkqyvseyinckexdm.,12,false
Bigtax,LOF-5823,2,83,false,true,false,true,false,4:21 PM,12:45 PM,Bigtax,false,Qnxtzgwakbfsfizljpmwlvplipefqzqdvdhopidajftukdhnj.,83,true
Alpha,OSX-9293,1,62,false,true,false,true,false,7:06 PM,2:00 PM,Pannier,true,Dkptbzkianwacfabtpecqwdpovdrsmobtnoipjvmtomqwaawz.,57,false
Solarbreeze,DCQ-0423,5,94,true,true,false,false,true,2:13 PM,8:45 PM,Flowdesk,true,Jxcpyhwfzdjmzwsvovmvgnblkdbsqdhtvjpvxrgseojmysbqc.,43,true
Redhold,RSB-5716,5,32,false,false,true,false,false,6:55 PM,1:05 PM,Ronstring,false,Gtcewylmwtlwmhwmisqqxiuztejojugbivetcauzkvthjmvng.,73,false
Alphazap,TOY-6168,4,56,true,true,false,true,true,11:46 AM,9:24 AM,Mat Lam Tam,false,Vmdskpjuffuyyfaviontjhzoakoopnwhzooapnncqsyogprto.,83,false
Fintone,WQE-7737,1,28,true,true,false,true,true,2:25 PM,10:17 AM,Cardguard,false,Uxqqghmlfsnbbrouaqnzbtdcbeagyxjxacltulmklvkedhixo.,74,false
Redhold,XYF-6394,3,39,false,false,true,false,false,7:37 PM,1:06 PM,Temp,true,Neibkztdtqpwicnxuvduqqchwkhgftdwkfzzbirdxluovjvou.,90,true
Job,QYC-1759,1,29,true,true,true,true,false,5:41 PM,2:53 PM,Subin,false,Yffrfudjnhhqsvrrpnvizhiorssxehdrdgjuotfqeifupmyvr.,7,false
Vagram,QOX-9635,3,26,false,false,false,false,false,2:14 PM,5:13 PM,Treeflex,true,Yiiprgesgjkvmqpgzzsuprremacrnhenwbfnsfpdresompkys.,79,true
Voltsillam,ACU-1185,3,93,false,false,false,false,true,9:15 AM,10:08 AM,Veribet,false,Elujslrgxyfsjvdikiefgzfketmgttwdxjwvpdsmkolecatbe.,18,false
Otcom,UXZ-2155,4,30,false,false,true,false,false,6:27 PM,11:07 AM,Opela,true,Qkpylcpftzgkkmhdnryoqoncurwkqseohbqnlcnxgywhoqlrs.,48,true
Stringtough,POT-6448,4,49,true,true,false,false,false,2:52 PM,8:39 PM,Redhold,true,Ssszvtktrzbjqienzbjlxlcyikwtcqlccjidrqbjkyhzebtvr.,95,true
Sonair,VTE-7561,1,6,false,true,false,false,false,10:55 AM,10:26 AM,Zoolab,false,Ckqwdewpsjdhhhknhppvquvoyftjlincqeewuviwxmjlgrkmh.,37,true
Voltsillam,AKU-7247,5,75,true,false,true,true,true,4:46 PM,12:44 PM,Stringtough,false,Wdsubuygijvnnydwgsqkqaqzxuabfpyfqezvhzndwzsplhneg.,68,false
Treeflex,RZM-1784,2,39,false,false,false,false,true,10:11 AM,1:10 PM,Biodex,false,Qtqcjcqxwcixadutziauiuzkuxfsdfazmagyebwnetrlyuhur.,91,false
Tampflex,AZY-8841,2,81,false,false,false,true,true,7:30 PM,6:47 PM,Konklux,false,Fcnopkkiderqzenxhretbxynexaflitvnaufeuyztjyljmjzi.,93,false
Home Ing,VNN-9699,3,68,true,false,false,true,false,2:56 PM,8:35 PM,Latlux,false,Pwxgdprpbyrzcfyjnlbatuffgleegqxmejrzyefyxtwzfgpws.,17,true
Keylex,ZQC-4030,3,84,true,true,true,true,false,9:42 AM,2:04 PM,Stringtough,true,Jymywikjkhxpkanaullnxkbnbaawyshgjueczgtkhpgyegwkb.,60,false
Zathin,ZBV-3672,5,61,false,true,true,true,false,4:06 PM,10:34 AM,Bamity,true,Cyhlnxmzruulnxngsfctdnexubfesoshlzfxzsuhdihvqkycx.,93,true
Stringtough,FHD-2431,5,4,false,true,true,true,false,5:20 PM,5:58 PM,It,true,Qyvkfdwmhcylruqgpsunchpwtaehsdxjqjxwclzhwuymouqon.,17,false
Aerified,MKQ-3702,1,16,false,false,true,false,true,2:54 PM,3:53 PM,Veribet,false,Inyriwiwjsxivovxubnkosasqddyhicutieitgiwgrmfajvnr.,32,false
Tres-Zap,AAN-4661,2,54,false,true,true,true,false,12:06 PM,6:50 PM,Fixflex,true,Qoexhphcdcccfvyxbojekhvewllvhmrqyoavpdnlntlyogeom.,8,false
Sub-Ex,JPX-9245,3,52,false,false,true,false,true,5:05 PM,8:24 PM,Andalax,false,Rmaknrataynlgdltvklqripzstdpytnvepwzeknjfbjtjrlyp.,93,false
Voyatouch,XCT-3130,1,98,true,false,false,false,false,11:51 AM,10:56 AM,Latlux,true,Aczruwaudswukkbdcripehspeqkyprstrmlyqwmwjckfztbmv.,17,false
Domainer,JUV-2232,3,34,true,false,false,false,true,6:34 PM,9:15 AM,Home Ing,true,Uhmfqlkboadquvxgdnikhnccomvkquaclgcqwdwanixezjavl.,39,false
Zontrax,DYJ-2094,5,73,false,false,false,false,true,11:47 AM,3:55 PM,Ventosanzap,false,Yucpdclccadiclcjsbqkxrzxbyvfewbiqvmimpwhzfcnbofxe.,43,true
Fixflex,GDU-1689,4,1,true,true,true,false,true,2:20 PM,12:02 PM,Sonsing,true,Dogxhapwafnkurhwpigjqsuocgihosxqazamkzbjdznbfryex.,77,false
Veribet,LFM-7598,4,83,true,false,true,false,true,7:47 PM,3:38 PM,Toughjoyfax,true,Ojigbpkoxuejdjybdyscqfjuxfrykfbcyppbvztrrrvmpxxfy.,94,false
Fixflex,YZH-8926,2,82,false,false,false,false,true,3:47 PM,8:57 PM,Holdlamis,true,Ygsemxgaouxsznhpjmqqcqzfyhbevqfdexngexkfkwcxdobei.,48,true
Zamit,LTR-6419,4,61,false,false,true,false,false,1:50 PM,11:06 AM,Pannier,true,Msjiprlfppoazidxysipcwockehmracmmqvghedzhudnwgvmr.,53,false
Zaam-Dox,GUH-6229,5,8,true,false,false,false,true,2:43 PM,2:26 PM,Bitwolf,true,Nhqjtbgubcnvacxhzkeuyvhodsysrzfihqbexorwtvmquxlce.,3,false
Veribet,VSH-4439,2,21,true,true,false,false,true,10:53 AM,9:13 AM,Flowdesk,false,Duuteiqhbhowwxhpligwcjqfgpshnyirraxctedxxtodpiomu.,1,true
Fix San,APJ-1716,1,66,true,false,false,true,false,4:02 PM,1:28 PM,Zamit,false,Hfmfgghnekarejfkqcdphjwxvvgagmqquamoqggfannlpijvi.,86,true
Andalax,ZAM-4681,2,80,false,false,false,true,true,10:40 AM,6:19 PM,Tin,true,Tvbmqqntosrjvxzgjyjxnybkmbxjfzmfzndqmeefbfftxvoib.,65,false
Stim,BTB-0578,4,21,false,false,true,true,true,5:00 PM,4:33 PM,Pannier,false,Cdswnienmepsgpwvkfyswpeephizmlwhpkxccsjqejwcnscdz.,38,true
Bitchip,BII-2578,4,52,true,false,false,false,true,6:52 PM,4:09 PM,Bigtax,true,Vlmglscwpgfdmawbtyaoyejymbrlhozpasyyytjdfxpzezknu.,50,true
Redhold,NYF-2687,1,98,true,true,true,true,false,4:05 PM,7:39 PM,Latlux,false,Cueppuifqgqrkjtnfdqxwtsylhtntotiwbxhuryfiatvaqiye.,95,false
Tresom,XUS-8374,2,94,true,false,true,false,false,9:34 AM,1:39 PM,Biodex,true,Iibsqzbyiuavxqtcrswnielshlwtxeslneyyziuowcyozkrnz.,9,false
Biodex,PEQ-8672,1,52,false,false,false,false,false,1:02 PM,2:23 PM,Otcom,false,Dmtqoxzzordqojawqhwjkwphdlwqpsmyvlgqsrbbhokcingwz.,38,false
Voltsillam,SFN-3158,2,79,true,true,false,true,false,11:09 AM,2:33 PM,Fix San,true,Aulivnrwkvsziztazzslwwjajtgohcjagzldqzhcntmryaoxb.,22,true
Keylex,BJK-7733,5,31,true,false,false,false,true,1:45 PM,2:37 PM,Zaam-Dox,true,Gjtkmtnunellovmihpufebllhrgmttwsgkjftugjoflnnswhw.,72,true
Bitwolf,OCI-8647,2,3,true,true,true,true,true,12:39 PM,7:44 PM,Bitwolf,true,Izrnsfiokricrxwzgcdpxlkqtapgaqyqrnatnnuwyzdkkjizr.,31,true
Bitchip,PLE-7389,3,55,false,true,false,true,true,2:12 PM,5:06 PM,Tempsoft,true,Arijmyjbvopmtjqdcuvaahjvkvjqzmhuebgkepmisswthnyrz.,6,false
Konklab,VXW-7438,5,89,false,true,true,true,true,10:02 AM,11:13 AM,Quo Lux,true,Tmcvaeearybjjkrjknxsauxgcqwdyilbiilvmtgdqkqhagauq.,41,false
Bytecard,EZI-6971,4,55,false,true,false,true,false,11:56 AM,11:18 AM,Veribet,false,Dmojnoffwuishfmslzubouerfhdxttghypflewjvpjbfjojrb.,95,true
Andalax,BFP-0027,3,71,true,false,true,false,false,6:22 PM,1:37 PM,Trippledex,false,Ejyxatqrlkypftbitioiyeqnvftlhvliqbcjbrznuibbdivrx.,44,false
Temp,FZG-9539,4,42,true,false,false,true,false,5:49 PM,9:36 AM,Holdlamis,true,Kekooqqgixmdycvmyrkpailflvzigfiovarqoeemqikterfcf.,76,false
Alphazap,ADA-3218,1,19,true,true,false,true,false,12:45 PM,12:57 PM,Rank,true,Gvumsbzhbqizcthztddzeudatassbrqjlpdtfjtvwxrjlfpib.,6,true
Bytecard,MDI-2927,3,64,true,false,false,false,false,2:38 PM,3:01 PM,Quo Lux,true,Xzevbuyttwgdwfjlkyhtbmbkhvqyqhrhuuwvsbqvrcvbuojxx.,25,false
Daltfresh,MNL-4124,3,61,false,true,true,false,true,10:17 AM,3:48 PM,Flexidy,true,Xedduhunomkyoxtvdlxswnuubzlcirweahgbamjaxxkosgkoa.,14,true
Latlux,OTV-7244,3,54,true,false,false,false,true,7:21 PM,1:39 PM,Sub-Ex,true,Jutkejqccavyjwkxmpdqrkzdkmhzfrdykxouqdieysuyphjzn.,35,true
Redhold,CMT-7140,2,34,true,false,false,false,false,9:51 AM,9:33 AM,Stim,true,Gysisaqnkuubjltxvfskzfuhciamzoqimoyishklncjjrrlup.,15,false
Mat Lam Tam,TMD-8033,2,98,false,true,true,true,false,3:19 PM,6:33 PM,Stringtough,true,Gpgqchjkfmgejoiuglxkjpzhekogdwqzwzefnlfngakkbchxb.,12,false
Veribet,PNG-8456,4,29,false,false,false,true,true,1:14 PM,3:37 PM,Zathin,false,Htpdspcfduypfrggdqgninrrfboulkyhfcvjdhigtsanrkadu.,7,false
Zaam-Dox,CWL-8249,4,26,false,false,false,true,false,1:08 PM,4:45 PM,Overhold,true,Ksvsvovkndquuljyqcbpynzmxkyoyqftoydvyyrnhhanpyykq.,77,true
Zathin,LKX-8763,1,30,false,false,true,false,false,7:18 PM,6:14 PM,It,true,Tciwzwrndbbowdzklnyzegnvvuvwnaenxynohcvifaqhihdxg.,14,false
Tresom,TKC-5970,3,78,false,true,true,true,true,10:31 AM,10:55 AM,Tin,false,Vnyktyhjcixsuvjurrtegenuyiqaclfqzuiydbwazdoiiwlkd.,5,false
Wrapsafe,NBM-6838,3,83,false,false,true,true,false,10:34 AM,2:27 PM,Tampflex,false,Stqdchhftzkohpltljedjceaxlruxsyhrgbextvnbmpzpmmri.,89,true
Cookley,GRJ-4208,4,60,true,false,true,false,false,2:16 PM,3:05 PM,Kanlam,false,Tcoztmisplbgncryjkgfjnncpdlnrtyedaotrafpqoupjgwfu.,9,false
Asoka,RAA-4637,5,39,false,true,true,true,true,6:51 PM,3:37 PM,Hatity,false,Atnrwsswtrmumjxvfldkmqrspaiignzkwzhdluustqifuifiv.,56,true
Span,KZB-8942,2,84,true,false,false,true,false,12:47 PM,10:23 AM,Zontrax,true,Ygvehbhiuupwfgalpnkdfaivlcbpyqequxlrbpcjkaljncnjn.,6,false
Biodex,VTP-3843,1,65,true,true,true,false,false,5:41 PM,4:36 PM,Tempsoft,false,Fyywitkdifuwtzpjjlxbqrouzwjpriidvnfmxuyhulywyzdpk.,10,true
Cardify,PSF-0048,5,85,true,false,true,false,true,8:17 AM,3:11 PM,Sonair,false,Vkqjudhzmhwrenxvxrquifagtktdlbkkwiskcvglnvoznricz.,99,false
Zamit,ZGZ-8228,3,39,true,false,true,false,false,7:13 PM,10:45 AM,Zaam-Dox,false,Nvuxcudtnorfgayuiqtusbqtmpebkcvfruwcrmxmhynnxllap.,65,false
Bytecard,MMR-1154,2,66,true,true,true,true,true,10:34 AM,4:02 PM,Stronghold,true,Ocyezsibzxcopxuvsmqmuqwrhlzsfsvijouyxwwdqfnetaysi.,76,false
Sonair,HTL-6475,2,43,true,false,true,false,false,8:37 AM,8:00 PM,Sub-Ex,true,Bhobwehthxofcjcqvjjpupuklhusyrshtxtjomfrztzhutjkn.,61,false
Cardguard,ZXA-6066,4,53,true,false,true,false,false,4:40 PM,1:31 PM,Namfix,true,Bxxoaqirtiihvlobcoazzzdlrjhmqlradtjkwsyiwpdxzflni.,86,true
Viva,TEV-7570,4,69,true,true,false,false,false,5:25 PM,5:44 PM,Gembucket,false,Ilignjancxqadycmuxzkmpccaqnnibphcoshxayzrgltcnrqb.,73,true
Lotlux,KQM-4078,2,76,true,true,true,false,true,8:51 AM,2:51 PM,Kanlam,true,Yuxkcjrfgajtaslewhpuibhzulfwowtucfzrwzbsfsfuixtmy.,77,false
Regrant,CLT-3120,4,24,true,false,false,true,true,10:58 AM,1:08 PM,Tempsoft,true,Dsbqlqxwvlrglypfcesyuxszuiwdlykctyiurhkpdywssxbrx.,95,false
Tampflex,IJK-8799,5,84,true,true,false,false,true,5:09 PM,7:32 PM,Fixflex,false,Hragnztmieovypsbvlpusjkavhoikeotusqwalkpqkrirwqmm.,81,false
Treeflex,XHK-2853,5,100,true,false,true,false,true,10:04 AM,1:54 PM,Andalax,false,Esvinnwiugsqjtieyixrdkyljtszjanawpnmjciztsytdgcwx.,17,false
Biodex,NFP-6608,3,68,false,false,true,false,false,11:11 AM,2:39 PM,Stronghold,true,Aaapfavgqxhnpfeqsvzqhetqjbhfcnmonfuzumfiedwdqeiji.,58,true
Treeflex,AZT-9963,2,85,true,true,false,false,true,4:17 PM,1:46 PM,Vagram,true,Ubfxamoycvvircculxkdmbzjitsiytoedojfxhnwncfrfqhjr.,9,false
Zaam-Dox,CHN-0384,1,18,false,false,false,true,true,10:36 AM,6:54 PM,Veribet,false,Purchcssaepthpiviawsnwsowqfqhxdruksubaehacacoqtsj.,50,true
Home Ing,GNJ-3578,1,4,false,false,false,true,true,7:13 PM,9:12 AM,Transcof,true,Vdonrmbhgttuxlpzrjpnbsqdjgcuvlcqxchrftimzircuaoll.,60,false
